标题,总播放量,积累弹幕,时间,点赞,投币,收藏,转发,作者,关注量
【老番茄】我求婚啦！！,6336462,37876,2023/5/2 12:00,122.4万,124.4万,33.7万,8.5万,老番茄, 1849.8万
哈哈，甲方破防了,4407781,4676,2023/4/28 17:05,39.0万,6.8万,3.1万,1.3万,逗比的雀巢, 615.3万
“可是雪啊，飘进老爹的店”,137919,143,2023/5/3 10:13,1.2万,4129,2662,444,枫吹枫又落,多名up主参与
你眼中的“老阿姨”曾经也迷倒了整个世界！,3385519,4526,2023/4/29 12:13,14.2万,1.6万,7.9万,1.0万,Anzyl颜之有理, 1.9万
你好主持人，记者正在现场排队买小吃,1910898,289,2023/4/30 17:46,13.2万,1708,3675,1430,主持人yoyo酱, 151.5万
当你总觉得自己很独特时,4517964,1584,2023/4/28 22:33,89.0万,17.1万,16.3万,3.3万,大黑口, 3.5万
《 鸡 哥 天 下 第 一 》,1815305,2395,2023/4/30 16:46,36.9万,11.9万,11.2万,4.7万,哦呼w, 293.8万
惊鸿一瞥,270356,78,2023/5/2 11:39,6.2万,2614,1.5万,1013,子执子知, 2.3万
有一个会cos自己老婆的老婆是什么体验,929658,183,2023/4/30 17:13,3.8万,585,1.3万,496,欲寒暗信, 12.8万
中国人自己的李老师！女生宿舍《Super》运镜灯光秀,769744,572,2023/5/1 20:49,15.4万,2.3万,1.2万,3272,黑糖啵啵梅子酒, 16.2万
两年半时间画出这么几分钟动画,191957,396,2023/5/3 12:00,1.8万,1.1万,3762,494,N|残飞坠,多名up主参与
在广州萤火虫遇到了等身手办！,1217489,166,2023/5/1 17:22,11.4万,1642,1.4万,1595,努力的十八魔, 44.4万
“可是雪啊，飘进十年前的鬼畜区”,572330,665,2023/5/1 16:39,6.2万,2.4万,1.3万,1556,不服气的三好青年, 6.0万
关于我花300块都在淄博吃了什么…,3280603,901,2023/4/26 18:03,12.3万,1243,1.2万,8089,隆冬洋,1370
溺亡妻子死而复生，第一件事居然是生孩子？！经典网剧《灵魂摆渡》第二十四回《空墟之海》,530092,2429,2023/5/2 17:41,5.3万,1.8万,4007,376,小片片说大片, 633.2万
1级站撸爆杀腕豪！摸不到的数值怪！站撸无解！,201796,1620,2023/5/3 12:00,2.0万,1.2万,3813,124,王氏上单, 43.7万
帅小伙自制淄博烧烤，不用去淄博也能吃爽啦！,3185154,8425,2023/4/27 11:00,27.5万,5.1万,2.4万,5998,记录生活的蛋黄派, 806.8万
"【Minecraft】我们烧了张rtx4090,只为这300秒极致画面",1956155,2752,2023/4/29 11:30,20.5万,17.2万,8.1万,1.3万,LIF帧木得制作组,多名up主参与
有没有一瞬间信仰崩塌或者死心过？,1499667,1277,2023/4/28 20:00,17.8万,2.5万,6.8万,1968,他的日常时光, 29.1万
不好意思 买到真的了,3236418,250,2023/4/26 17:57,32.0万,7892,3.5万,9831,手工强子, 1.2万
你们这帮人食不食油饼啊哈哈哈哈哈哈哈哈哈哈哈哈哈哈哈哈哈哈哈哈哈,1784843,730,2023/5/2 10:19,17.8万,5740,2.3万,1.4万,沙雕小胖胖, 20.1万
我当爸爸了！,4159495,8586,2023/4/29 13:20,70.4万,25.5万,3.4万,4688,粤知一二, 333.5万
车展走了3万步，终于拍全了你们想看到所有。,978680,2161,2023/4/26 19:40,5.3万,4290,1.8万,1223,蔻蔻妮娜, 28.9万
联合国正式入驻B站！,7844178,27172,2023/4/28 19:59,101.8万,27.6万,12.6万,7.4万,联合国, 158.9万
想充钱了看看本视频,1995677,1426,2023/4/30 14:30,13.1万,4.8万,4.4万,6827,超神对线生活, 1.6万
乳此美好，你却只关注她的大小……,1596099,5677,2023/4/30 17:30,8.8万,2.1万,1.6万,3153,塑料叉FOKU, 207.9万
“可 是 雪 啊，我 丢 弃 了 梦 想”,229452,456,2023/5/1 10:01,1.9万,5663,5484,502,理性蒸发の猫子,多名up主参与
总统扫黄越扫越黄？天降猛男也救不了的国家――孟加拉【魔幻国度13】,664601,2706,2023/5/2 18:15,5.6万,7361,5395,778,太阳星sunstar, 265.9万
【黑塔】?你能忍受转圈圈的洗脑么??ω???,2162858,1249,2023/4/28 12:00,27.8万,6.3万,10.3万,2.6万,莉可Kurisu, 22.6万
“在这么冷的天，我内裤穿外边”,470597,404,2023/5/2 17:26,4.5万,4725,1.1万,4654,圆圆的滚滚h_, 3.5万
我知道你不是她，但有那么一瞬间我恍惚了,551723,197,2023/5/2 1:52,5.6万,997,7821,2232,修沟的修勾在修沟狗头,227
现在轮到我了…没意见吧？！,642940,356,2023/5/2 12:57,9.5万,6529,1.9万,8324,Yurin_幽陵, 5.6万
“所有人给我站一边，因为超人强我要发癫”,2658619,5299,2023/4/28 23:51,7.5万,1.2万,10.7万,4552,童年漫剪Y, 19.4万
女孩拿着满分试卷兑换冰淇淋，同行好友因没考到满分失望离开，女孩和店员接下来的举动太暖心了。,424655,74,2023/4/30 18:29,4.5万,1994,3265,1229,新民晚报, 8.4万
“名誉算什么？我不过就是一个吴孟超嘛”,256173,1119,2023/5/2 10:35,6.9万,1.2万,7005,242,四川共青团,多名up主参与
狐 主 任 本 体 Ⅱ,358088,1168,2023/5/3 12:30,5.1万,7304,2300,528,知了解压萌物, 339.5万
古法抓鸡 一叶障目,458342,169,2023/5/2 21:13,5.9万,809,6023,3686,毛桃桃大眼袋, 51.5万
笑死，你管这叫“边角料”？我又又又亿次被骗了！！,947935,3862,2023/5/2 17:10,5.8万,6610,4140,405,穿毛裤的小拉泽, 182.7万
“你怎么能允许叫你叔叔的女孩爱着你？”｜禁忌恋｜伪叔侄,116644,428,2023/5/2 20:07,8564,2863,2326,1052,一斤汤丸, 2.4万
我们补了流浪地球2被删减的1分钟【太空电梯是如何建成的】【我的世界】【国家建筑师】,565180,1746,2023/5/2 15:36,8.5万,6.8万,2.7万,5520,国家建筑师Cthuwork, 87.6万
老婆拿着验孕棒告诉我她怀孕了！我又要当爹了？！,220845,1134,2023/5/3 11:28,2.0万,1.3万,2026,344,阿银哦哦, 138.8万
“可数学啊，蒙蔽双眼！”,1731953,775,2023/5/1 12:00,13.3万,3.6万,3.0万,2.2万,自动鬼畜中的WZ, 118.9万
卧槽，终于找到原版了！！！！！！！！,362543,424,2023/5/2 12:05,2.0万,2695,1005,43,粗犷毛线君, 122.6万
我才不是AI呢！！！,414245,351,2023/5/2 16:22,2.4万,1097,3578,314,白醋少女, 163.2万
五一假期北京旅游现状,270497,495,2023/5/3 9:00,2.9万,2455,1529,960,路飞没有路不会飞, 28.4万
谁喜欢克拉拉(史瓦罗)我不说,1534482,1221,2023/4/30 16:00,23.6万,2.4万,5.1万,1.3万,害羞7, 101.0万
七分帅，三分可爱，九十分屑,827000,398,2023/4/30 9:00,8.9万,1.6万,5.0万,4480,CicloO, 1.4万
华晨宇唱了几句《杀死那个石家庄人》“不能再唱了，超过四句要给版权”,817423,1279,2023/4/30 16:56,2.4万,3678,6272,3023,大树的per鼠,1583
排队2小时人均不过百的海鲜火锅？招牌醉鸡煲酒香扑鼻鲜掉牙了【凭啥排长队ep06- 威皇广福和小海鲜】,530728,2543,2023/5/3 11:05,6.8万,3.0万,6639,2921,王师傅和小毛毛, 171.2万
"李彩演的Knock, 超级有效challenge",3105157,774,2023/5/1 12:55,28.8万,2.4万,2.7万,5362,anita虾米米, 4.8万
不懂就问，这就是现在的顶流爱豆吗？,1389373,8602,2023/5/2 10:46,9.7万,7673,4548,1.2万,三代鹿人, 621.7万
救命啊我拍到了什么……,443425,223,2023/5/2 18:50,6.5万,1655,7168,881,夏弃疾下乡版, 54.6万
“这个年代的动漫真的能让人热泪盈眶！！”,710733,4702,2023/4/30 10:43,7.4万,3.7万,4.0万,2773,-柠萌菌-, 106.8万
广州港式自助，菜量堪比，给仨战士吃撑了,891245,1800,2023/5/2 11:30,7.7万,1893,2633,1913,吃不饱仨战士, 180.3万
花1000万买车，超跑品牌会怎样招待我？带你看别人看不到的！,935666,3971,2023/5/2 18:00,5.1万,1.8万,5086,2332,飞飞的车COOL, 45.4万
给高中的领导们一点小小的二次元galaxy震撼！五名女高校庆怒跳绝非虚构Nonfiction!!&星光序言Starlight Prologue,596876,463,2023/5/1 11:00,3.8万,6618,9438,2410,凉苏君,多名up主参与
爆肝统计！海绵宝宝一共做了多少蟹黄堡？,2019541,901,2023/4/28 19:00,12.1万,3.1万,4.1万,507,粗中有细的计数板, 18.8万
好色小橘猫，喜欢爬小姐姐的大腿,320545,310,2023/5/2 13:35,2.8万,824,3754,1124,焦糖学姐, 28.5万
俩帅小伙挑战世界最辣泡面，结果翻车了？,599493,1333,2023/5/3 11:50,6.4万,6425,2648,346,贤宝宝Baby, 565.3万
?我 爸 就 是 力 霸 天?,2065272,3510,2023/4/29 20:43,13.2万,3.4万,6.3万,2.2万,AG自由鸣, 2.4万
这个B学真是一天都不想上了,1135879,179,2023/5/1 13:46,11.5万,6266,4.7万,2.4万,玉玄铮, 1.5万
躲狗狗,4005669,21813,2023/5/1 12:00,45.3万,19.1万,9.0万,8069,小潮院长, 1021.4万
二刷许昌&胖东来！你们将会被他们的真诚而感动！,2026188,6958,2023/4/30 12:00,27.6万,2.9万,1.6万,1.5万,superB太, 109.4万
跪着刷完！13家全国最强博物馆，审美暴击！,213133,1297,2023/5/3 10:15,1.9万,1.6万,6691,1818,破产兄弟BrokeBros, 173.9万
亲情变质,1056206,674,2023/4/30 11:59,14.3万,7562,4.4万,4047,烦恼死的夏洛, 29.8万
?崩坏星穹铁道1.0玩家现状?,577982,2502,2023/4/30 17:22,6.6万,1.3万,6572,491,上善若水99_, 1.1万
黑子看了会心动吗？?,425694,907,2023/5/2 11:05,4.2万,7104,7203,645,矮乐多Aliga, 135.6万
今儿去淄博吃一顿正宗的淄博烧烤！看看和美式烧烤有什么不同！,874812,1392,2023/5/2 12:00,11.3万,2733,4371,1507,是个泡泡_Pao, 212.9万
你真的要和我讲罗德岛的条条框框吗，博士。【明日方舟嘉年华霍尔海雅cos】,204976,65,2023/5/2 13:32,4.4万,4539,1.3万,2595,w百合子w, 7.4万
五湖四海的人吃折耳根的反应！,973651,967,2023/4/29 22:54,14.3万,4817,1.2万,1361,王瀚哲_, 89.2万
如果猫哥家人知道他在外面欠这么多，会不会上门来闹事,192881,45,2023/5/1 23:34,2.2万,6631,666,37,想办法秋后算账丨,5627
小妹学了动画两年半，做出的“黑猫警长”差点将老师送进急救室！！,152639,379,2023/5/2 13:33,2.2万,7149,8413,1078,栗绘米猫酱,5806
妈妈 我的肚肚都要甩飞啦,269652,94,2023/5/2 17:57,1.9万,995,3036,6631,虎爸的养猫记, 1.5万
看完4月新番，外星人连夜毁灭地球......【泛式】,2092214,12980,2023/4/29 20:07,28.3万,20.7万,6.6万,1.6万,泛式, 528.0万
天下终将属于我们兔兔族,203520,69,2023/5/2 19:25,4.1万,980,4469,373,秋陌_Cheyenne, 49.0万
“你指尖跃动的电光，是我此生不变的信仰”,341564,632,2023/5/2 11:00,3.3万,1.0万,5666,512,韩小沐, 67.3万
迈 克 尔 ・ 杰 裤 逊,1109002,710,2023/4/26 19:16,3.0万,2430,5002,2983,树深时见鹿dear, 67.2万
想做说唱领袖,2265203,4531,2023/4/28 12:59,14.2万,6703,1.6万,1.5万,榴莲阿呀, 37.1万
【缪尔赛思实测】战术家之光！强强联合如虎添翼！全技能专三实战评测！,348442,4362,2023/5/3 3:01,3.1万,1.5万,4174,1342,霖也玉子, 17.8万
正方形刷野世界纪录：2.32秒瞬杀4个buff！打出理论极限的最终奥秘！！,1979119,9747,2023/5/1 23:42,13.8万,8.3万,2.1万,1.5万,布锅锅, 154.4万
我   爱   上   班,79920,253,2023/5/3 14:00,9996,5409,2766,1253,小缘, 127.1万
老 二 次 元 现 状,627629,4241,2023/5/2 18:00,4.5万,1.0万,6881,5675,进击的金厂长, 366.7万
他们说，现在是新四大天王的天下了……,699556,398,2023/5/1 23:47,9.7万,6769,5428,1563,汤姆的混乱空间, 95.1万
带你们听听我的青春,382762,233,2023/5/2 19:34,4.8万,593,1199,229,Thurman猫一杯, 319.7万
【定格动画】用十种方式还原蔡徐坤打篮球！,741299,607,2023/5/1 12:05,14.0万,4.0万,2.4万,2979,咖喱芋圆儿花开富贵儿, 17.2万
去而复来,2160049,1978,2023/5/2 20:11,22.0万,2.5万,8334,5065,文武俩兄弟, 176.2万
探秘美国最老的麦当劳！！70年前的麦门，吃些什么？,1290790,5737,2023/4/30 17:00,14.3万,2.6万,1.1万,1504,Meetfood觅食, 257.2万
耗时20天，在现实里1：1还原我的世界？,615449,3544,2023/5/2 11:45,8.1万,4.5万,1.4万,711,一只大哈鱼, 144.3万
你指尖跃动的电光，是我此生不变的信仰！御坂美琴cos,176515,49,2023/5/2 15:05,2.2万,1595,4580,367,菌儿rikushi,多名up主参与
?孝 子 驾 到?,558438,1357,2023/5/2 17:11,4.5万,5882,2.1万,2899,萝卜不会整活, 3.7万
把冠军留在中国！与小日子过得不错的日本选手比赛吃拉面！能获胜吗？,792664,7889,2023/5/2 17:56,5.4万,1.7万,2594,1945,橙飞一下, 86.7万
因为觉得很可爱所以就尝试剪了,180936,64,2023/5/3 1:04,1.8万,2060,2486,788,白杨XD,8542
12年帕拉梅拉4.8 四驱,3180327,992,2023/4/29 10:26,15.1万,3169,1.6万,3.1万,哈尔滨鹏哥说车, 6.8万
来自中国的西游记更适合中国宝宝的狂气|长啸满云风行天地中 英雄叱咤意气狂又勇|中文填词全曲精细和声翻唱孙悟空SUPER,170225,603,2023/4/29 20:39,2.8万,1.5万,8980,2096,九根木头是木九,6496
很流浪汉地唱了なんでもないや没什么大不了！,116125,74,2023/4/30 17:56,5.1万,3810,1.3万,464,Bonnieボニ`,8209
全场喊我没篮？可是…手感来的时候，根本拦不住呀！,217790,70,2023/5/2 22:37,2.8万,836,987,117,野球帝王师傅, 75.5万
狂躁！自残！自杀！梵高疯狂的真相，背后是人最深的绝望！,1438086,2861,2023/4/29 11:30,11.4万,3.2万,3.7万,2774,小透明明TM, 184.6万
瞎配的音，别喷,269186,371,2023/5/1 10:23,2.1万,2631,6677,1774,没有名字啊啦,707
faker：？？？,345878,486,2023/5/3 6:14,2.6万,9964,1237,169,阿泽u稻草人, 27.1万
猫妈妈难产死了……小猫咪……,308547,157,2023/4/30 18:49,3.9万,1.2万,2031,144,一只元大头, 3.8万
把我意大利炮拿来！,1783044,16633,2023/5/2 12:00,21.4万,8.2万,3.6万,3491,高斯Goh, 320.2万
勾栏听曲说是,1823205,1631,2023/4/26 18:42,30.9万,1.8万,5.1万,6813,CSGO大茄子, 336.5万
从上厕所的规则就知道挪威的男人地位如何了,4086194,2206,2023/4/27 18:11,52.1万,7372,2.8万,1632,挪威老王, 35.4万
边境之旅！谁说福建人不能吃辣的，说得真好！,286528,2967,2023/5/2 20:30,4.1万,1.4万,2800,878,世界美食official, 148.3万
《关于男朋友休假顺便带走了我腿这件事》,3368075,386,2023/4/28 14:20,37.5万,7603,2.0万,4941,春游哥哥, 13.2万
全世界最贵鹅肝VS最便宜鹅肝！价格相差1000倍！有多大区别？,725025,6306,2023/5/2 18:00,7.0万,1.9万,8758,4263,HOLA小测佬, 227.6万
给我玩黑塔！！！,878223,275,2023/5/1 11:45,8.1万,2223,1.3万,1398,星萤-,604
音律联觉！俺们粥粥人的天堂！！,918901,52,2023/5/2 7:44,9.5万,881,1.1万,634,夏奇拉ovo, 31.0万
我就不信，还有谁看完能学不会炒糖色,436059,213,2023/5/2 19:02,4.2万,4968,2.0万,860,段小段美食教程, 104.3万
【白露】乖乖张嘴！白露来喂你吃糖啦！,197952,421,2023/5/2 12:00,3.6万,2294,8827,765,其人, 128.7万
我用ChatGPT创造了一个数字生命，在QQ群里伪装人类,455748,3709,2023/5/1 11:02,3.5万,1.6万,1.6万,8988,LUMO_Xu,9164
兄弟们！快夸夸卡库吧！,285168,802,2023/5/2 20:56,2.1万,4686,1243,860,大连小王爱踢球, 37.2万
没人是天生的强者，更没人是命定的草芥......,293670,273,2023/5/1 15:09,2.8万,2076,6379,542,罗伯特讲电影, 7.7万
被深圳面包节的试吃吓哭了……,811257,239,2023/4/30 23:13,5.3万,584,6280,8833,老面馒头公主,575
全高台六星干员 VS 量产型☆交通亭，速狙穿千甲！【明日方舟】,283196,965,2023/5/3 7:45,1.7万,1705,1381,191,樗柒c, 30.0万
Super中文版 悟空精神 母语才能诠释灵魂的神话,293116,433,2023/4/30 11:27,3.8万,1.7万,1.3万,3641,Yizy尹姿,多名up主参与
中国医学史作业，别赞，要脸,1038644,1759,2023/4/26 23:00,10.9万,1.2万,9041,3000,妙女蓝庭,667
aespa《Welcome To MY World (Feat. n?vis)》MV,606267,9822,2023/5/2 17:00,5.5万,3.0万,1.7万,1.3万,SMTOWN,多名up主参与
团长 黑龙江悠悠球公开赛在线开团！全场高能！?,1599573,1689,2023/4/30 17:41,16.0万,2.1万,1.4万,1.6万,任天明月, 6.3万
消失但被采样播放数十亿的人,509606,279,2023/4/30 17:36,3.0万,4112,2.7万,1574,阿骆星人,810
不愧是一群男的想出来的节目,3125444,1125,2023/4/29 19:59,24.9万,1.8万,7.9万,5.3万,猫猫牌电话,1409
《下 头 男》,961771,247,2023/5/1 19:40,10.2万,1.8万,5004,2018,矮油王老六, 122.9万
《我叫铁林》天王老子来了也不行,1733305,887,2023/4/30 14:23,21.3万,2.9万,1.7万,4469,郑童童_, 34.2万
男子当着妻儿面救起落水男童，问岸边儿子：我帅不帅？,369134,315,2023/5/2 16:04,5.3万,608,639,27,人民视频, 26.8万
通过模拟宇宙的关键,657516,559,2023/5/1 18:47,5.1万,833,9178,3968,箫白游戏解说, 1.7万
帕??姆??乱??撞~,1140189,1167,2023/4/30 11:30,10.1万,9901,2.1万,2.9万,-L枫-,多名up主参与
给官方COSER上点强度,243379,95,2023/5/2 15:49,1.2万,940,3822,3398,山近原,3392
实拍立体机动装置！以梦为翅膀，翱翔于天际！,1782726,1676,2023/4/29 19:00,18.0万,6.6万,2.7万,1.2万,剑客范十三, 155.9万
嘎嘎好吃手抓饼早餐！,275440,204,2023/5/2 20:27,3.2万,541,1463,322,记录小生活的蛋黄派, 103.9万
爆肝半年！蝙蝠侠排名第一的神作《黑暗骑士归来》,1191753,3812,2023/5/1 12:05,18.8万,25.2万,9.3万,6893,努力的Lorre, 448.5万
高手过招 胜负在毫厘之间,1045570,590,2023/5/2 13:48,8.3万,2932,4377,3296,LOL楠神李青, 21.7万
?《叶罗丽》好烂 但她好美 吐槽up沦陷了！?,195613,1979,2023/5/2 17:28,2.1万,3665,2197,190,沫子瞪片, 91.6万
《崩坏：星穹铁道》千星纪游PV：「有关星空的寓言集?其一」,1825605,8129,2023/5/3 12:00,18.6万,5.6万,3.4万,2.9万,崩坏星穹铁道, 570.6万
御坂美琴，生日快乐！「2023.5.2 炮姐生贺」,519859,3643,2023/5/1 19:15,11.9万,7.2万,2.7万,1.1万,科学超电磁炮F, 89.2万
谢霆锋11元一根的“锋味虾肠”真的值吗？？,1231967,4903,2023/5/1 17:05,6.2万,3.9万,1.4万,470,姬一元, 205.3万
宅舞比赛被打0分的作品,952468,488,2023/4/30 19:09,4.7万,2129,4152,1143,Cocosky,2696
“你是个英雄，但你必须离开”――辐射1,297240,1949,2023/5/2 23:17,3.8万,2.7万,1.1万,481,33不是山山, 155.1万
追逐夏日的颜色,1407572,1457,2023/4/27 21:19,22.1万,2.3万,2.9万,9647,艺术菜花, 69.7万
自助第二弹来啦,539916,2062,2023/5/2 10:43,3.4万,2215,2546,7529,别炫了老铁, 11.6万
后悔没早点发现，这些男装店铺一个比一个硬核,762149,158,2023/4/30 8:40,4.7万,3733,3.8万,807,Vintage乔修,6378
小肥皂，全款拿下,1633721,794,2023/5/2 16:00,15.8万,4567,6566,1463,王七叶-, 168.2万
当你试图扼杀我的电竞精神时 你已经输了,3401639,4659,2023/4/29 11:59,39.8万,12.4万,5.8万,1.8万,星有野, 422.9万
“兄弟，真的伤心了！！”,397945,824,2023/5/2 23:36,6.0万,1035,2031,343,在下谭某, 47.2万
没开玩笑  淄博已经进化到5.0版本了...,6411181,7029,2023/4/27 19:15,65.9万,3.7万,4.7万,3.2万,赵澍哈哈哈, 4.9万
Baby u,357468,211,2023/5/2 14:30,2.4万,1673,2068,307,菠萝赛东°, 155.8万
【星穹铁道】抽卡时列车脱轨实录,2802656,936,2023/4/30 10:22,19.7万,1.8万,3.7万,3.2万,小强凌凌柒, 28.7万
当你用很烂的配置玩星穹铁道…,536198,734,2023/4/27 3:28,2.8万,2114,7112,2.3万,零度の薄荷猫,288
“希望给大家带来一点点的欢乐呀”我逝去的童年,208305,263,2023/5/1 0:12,3.3万,4783,8739,267,潇FAN,1524
谁懂，咧着的嘴角突然收起来了，是啊，替身终究是替身，那个满心都是她的萧凛已经消失了。,512422,872,2023/5/1 22:02,2.3万,5255,5134,444,不良的凉白开,992
超绝！马嘉祺演唱会惊艳翻唱《盛夏光年》现场饭拍，三段高音燃爆全场！,131317,20761,2023/5/2 22:57,2.2万,1.3万,1.3万,4377,马嘉祺放映馆, 23.1万
吃我一招，菠萝蜜多斩！,654579,622,2023/5/1 18:29,5.5万,3370,4606,2205,故辰_, 4.7万
无无啊，怎么听到女嫁过人之后，你就不笑了呢？,220044,646,2023/5/2 19:48,1.3万,2498,3054,288,桑患,5248
主打一个炸裂！可能是你从未见过的“勇气大爆发” >>,1126449,2403,2023/5/1 11:30,19.7万,1.7万,2.0万,1.0万,共青团中央, 1055.6万
《关于狗剩知道狗剩自己的名字叫狗剩这件事狗剩有话要说》,664959,417,2023/5/1 20:28,12.7万,3480,6178,915,大脸艺术家, 23.2万
《我不坤》如果你也喜欢他，那真是 泰裤辣！,237875,145,2023/5/1 20:13,2.5万,6360,5007,5656,周新伦_,1719
双向奔赴的爱！宋亚轩超绝演唱5:23pm&从今以后,129576,6716,2023/5/3 2:11,2.2万,1.5万,1.4万,5573,宋亚轩的留声机, 41.6万
淄 博 烧 烤 加 不 加 香 菜 ？,192169,373,2023/5/2 20:00,2.0万,1746,1483,741,魔鬼厨房Neo, 163.7万
【原创编舞】アイドル - YOASOBI （Live） 星野爱cos,239871,236,2023/5/1 23:59,2.3万,5248,7766,751,习习yu羽羽,972
超级舞曲，神曲再临――「See tinh」,367122,80,2023/5/1 12:00,5.1万,1313,8890,1497,Oscarbamboo, 3.7万
大家帮我看看这套衣服能吓退几个弟弟？＃论化妆的重要性 ＃普通女孩变自信 #换头了#同一件衣服化妆前后 #前妆后,958323,297,2023/4/28 14:53,9.2万,1098,9939,664,张大饼-眠, 1.4万
只看MV画面能知道是那首歌吗？来PK一下吧！,608316,9975,2023/5/2 18:32,9.2万,4.4万,1.9万,1524,花少北丶, 635.4万
最难绷的一集,470321,250,2023/4/30 10:18,5.5万,990,7682,2251,吃点魈叶あ,625
【大口吃瓜】淄博烧烤是怎么火起来的？一个视频带你看明白！,711190,2112,2023/5/1 19:33,4.8万,1.6万,6417,4162,LexBurner, 602.9万
“我喜欢给你买衣服，因为看到你绽放，我心动”,445435,201,2023/5/2 12:52,7.5万,2666,6175,2430,TJandClaire, 38.8万
【星穹剧场】垃圾桶之王！,398789,272,2023/5/2 12:00,6.3万,1.6万,2.7万,5736,哈米伦的弄笛者, 207.4万
《一把全是大，瓦罗看呆啦！》,1342789,481,2023/4/30 17:15,6.4万,869,6574,9674,云,620
片 名 为 寄 24,254060,1377,2023/5/3 11:19,3.7万,8925,1614,762,名字就叫大梦一场, 96.1万
我花30买了个女儿！,327757,640,2023/5/2 11:02,1.9万,2371,6796,1813,笙歌不是神鸽QAQ, 8.2万
荒谬当道，爱拯救之。恰海边塞壬上岸爱神降临，四万人皆为他唯美心碎【张真源 爱的消亡史】,49149,4119,2023/5/2 22:26,8741,7230,1.5万,1.3万,张真源的松果仓库, 10.5万
大便超人 居然还能找到这坨东西【小游戏回忆录#66】,829374,1452,2023/4/30 9:24,3.2万,2181,9171,1.5万,理屈词穷方渐鸿,958
?.ιαιιιооιαιιΟ,712563,494,2023/4/27 12:00,3.0万,2852,1.0万,2221,一夕Clarence,多名up主参与
《青春修炼手册》，但是谷歌翻译20次,532165,1844,2023/5/1 17:00,2.6万,2122,5815,4951,玛珂娜, 22.0万
《如何快速变老》：给所有人的科学变老指南,864449,343,2023/5/3 11:00,3.3万,8860,9737,6868,哔哩哔哩弹幕网,多名up主参与
今年的衣服真的丑爆了！！！！｜网红爆款辣妹吊带测评,246963,1950,2023/5/2 19:51,1.1万,937,1424,486,扒妹儿无聊的朋友们, 41.0万
“不只是传统3.0”，惊艳了世界，却埋没在故乡。,151813,159,2023/5/2 13:05,2.6万,5069,3360,169,美南子哇, 10.9万
05高三牲也有drill吗？《低端玩家》,206774,101,2023/5/1 14:26,3.4万,2158,4164,688,李浩鹏差点长成帅哥, 1.3万
??我爸就是GGBond??,493872,2459,2023/5/1 12:42,2.6万,1190,7016,1031,超能幻想家,4464
一道让老师“脊背发凉”的题，简直就是在为难学生…无语,1229720,4058,2023/5/1 13:05,9.3万,3184,9274,3320,侃哥侃英语, 135.0万
我，辛稼轩，大宋词龙，人间这一趟，万分遗憾,871894,2938,2023/4/29 8:00,6.7万,4.7万,4.1万,6900,东兴苟十三, 74.7万
琛总5A整活！历史最炸！竖屏全程版,406825,390,2023/4/30 17:42,3.9万,2497,2962,3725,o旋风扫落叶o,258
电子竞技啊 全是爱情,553967,452,2023/5/2 20:00,8.8万,1684,4431,1212,碎嘴企鹅, 215.2万
保  护  砂  隐  村,6459093,4950,2023/4/28 16:29,42.3万,6.1万,6.7万,9.7万,声物课, 246.6万
热知识！原来淄博的“烧烤”其实指的是两种东西！,717690,1557,2023/5/2 18:54,10.6万,3.2万,9610,737,南翔不爱吃饭, 321.0万
【钟馗驭鬼】蜡烛熄灭，老妪在灰烬中看到了她一直想要寻找的钟馗。,309793,98,2023/5/2 12:24,6.5万,2873,8668,260,我是鹿溟山, 43.1万
【星穹铁道】《踏上旅途》太短不够听？让我来扩写！！,996466,637,2023/4/28 19:50,9.1万,5.2万,5.8万,1.1万,黑铱BlackIris, 10.9万
你 好 开 拓 者 . E X E,280464,381,2023/5/1 16:09,3.6万,1360,5549,1086,Monthly_flow, 4.3万
公测130万星琼冲击全角色满命满精，这下又再创历史了,1867742,6538,2023/4/27 21:27,18.3万,2.0万,1.3万,1.1万,鬼叔黍, 131.6万
好奇害死猫，又哭了,1242626,71,2023/5/1 18:00,18.0万,5230,1.9万,1.3万,广州禁毒, 51.6万
【Phigros特效谱】アイドル（偶像）- YOASOBI | 故事板 + shader警告,273318,376,2023/5/1 16:42,3.1万,8400,1.5万,2228,Kevin_2106,1252
飞机：我从来没排过那么长的队！,442062,474,2023/5/2 12:18,1.5万,1768,2627,3622,可以推出开车, 5.2万
我花了5块钱制作出了价值上千的鱼子酱，你们信吗？,2420089,1302,2023/4/30 16:41,19.3万,2356,1.9万,2322,大伟投食记官方账号, 46.4万
肯德基：我就是被这破玩意卷倒闭的,953039,1470,2023/4/30 18:00,5.1万,1.0万,8905,1322,麟宣森, 230.6万
[4K]广州漫展上拍妹子，路过一群假面骑士！,1002146,448,2023/4/29 10:41,6.0万,1340,1.6万,1412,小朱霍克酱, 2.9万
【直播唱跳】YOASOBI アイドル / 偶像 （我推的孩子OP）,95906,177,2023/5/3 12:13,7437,2145,1238,2176,永雏塔菲, 74.2万
全网最详细！爆肝6个月，原剧+小说深度解析！让你一次看爽《权力的游戏》1-8季,1133450,19349,2023/4/30 18:00,6.9万,4.2万,6.8万,3848,阿斗归来了, 570.7万
一年一次吃一个月的笋宴！异灵术直言要这么做的话，他能全吃光！,66711,891,2023/5/3 11:00,9301,7711,1062,245,牢头养猪记, 23.3万
假期自救视频――在学校是个卷王，回到家就开始摆烂，怎么办！？,253675,989,2023/4/28 18:27,2.1万,2811,1.6万,1307,高考蓝哥, 20.7万
666！溜一溜就能筛出好豆子,1589428,112,2023/5/2 10:57,7.4万,1039,3489,221,不刷题的吴姥姥, 138.3万
寒冬将至！深度解析《漫长的季节》背后的时代寓言,249698,1085,2023/5/2 8:06,1.4万,8549,4012,1646,斑鸠鸭, 9.6万
佩奇小妙招――危机自救#02,543500,316,2023/5/1 15:30,4.2万,1390,5202,451,允星河Yoseya, 290.4万
泰 裤 鸡 克 号,977009,1447,2023/4/30 9:00,5.7万,1.0万,1.5万,2.3万,null,多名up主参与
null,null,null,null,null,null,null,null,null,多名up主参与
敢爱敢恨的小学生,424065,845,2023/5/2 15:56,5.0万,1.0万,3281,1192,叫我死盖就好, 196.6万
当我又在漫展大声喊出羞耻横幅,400832,1371,2023/5/2 20:35,5.2万,3193,8281,5700,张恩恩NNN, 41.5万
”中式恐怖的压迫感“,950473,205,2023/5/1 17:48,8.9万,2397,1.2万,3241,皮诺曹的魔法画室, 8.7万
实测丨在6大平台搜同样的问题，百度居然被吊打？,1173473,11921,2023/5/1 12:00,11.3万,3.3万,2.1万,4070,-LKs-, 312.7万
【星穹铁道】光锥伤害排行榜，解决你光锥选择问题【巡猎篇】,356336,566,2023/5/3 10:53,1.4万,5207,4471,1492,泡椒_泡椒, 2.1万
mhy你要不要看看你设计的什么怪物（bushi）,970501,816,2023/5/1 3:40,7.4万,1573,6664,1.5万,lingfengn,673
白术一脉都是美人啊，祖师爷长得太好看了吧,391017,229,2023/5/3 6:20,7.5万,1297,1.7万,2950,小鱼点点点丶, 11.9万
今天秋山20岁生日，开心，给大家露脸解说一段，希望大家开心.,278530,1028,2023/5/2 11:56,3.0万,2895,1821,68,秋山官方账号, 121.5万
关于我家猫去别的小猫家做客这件事,771318,847,2023/5/1 20:50,3.6万,2386,3424,1948,王天霸是只猫, 41.4万
全体起立跳舞啦 这也太秀了吧,1973609,244,2023/4/28 12:14,9.4万,1079,9545,656,舞者HR浩然, 5.2万
80秒看完过往20年服饰变化｜2003～2023｜淘宝陪你好看20年,835429,712,2023/5/2 10:00,5.1万,2766,1.1万,1966,o小庄o,多名up主参与
【果粉震惊】花了5854元对比真假苹果AirPods，我沉默了！,195868,2452,2023/5/2 11:45,1.4万,8356,1609,653,热男HotGuys, 83.8万
《 富 婆 的 早 餐 》,418203,423,2023/5/1 11:44,1.7万,536,700,111,小唐不方呀, 10.3万
残障up主吐槽轮椅难进商场：石墩子拦路，无障碍通道狭窄危险,724113,324,2023/5/2 10:36,3.9万,687,1254,203,青蜂侠-Bee, 47.5万
美国第一共和银行倒闭，被接管后低价卖给摩根大通,334936,744,2023/5/2 13:01,2.0万,1947,1631,861,星话大白, 41.5万
人菜瘾还大？三个月没抽赏，感觉自己又行了,245941,1904,2023/5/2 20:36,2.4万,1.9万,3310,519,炒蛋车间长, 65.8万
多年老师傅做的香辣鸡腿汉堡，一份5块钱值不值？,703184,353,2023/5/1 20:12,3.5万,733,2605,735,涡阳施玉, 5.4万
【我的幽灵女友官方】#07 为什么家里还有别人！,239823,60,2023/5/2 12:35,4.2万,1121,3387,176,dsand00, 14.6万
超 人 强 我 要 逆 天 ！,506377,770,2023/5/2 14:52,3.8万,6537,1.6万,3646,无趣的夜空, 2.8万
可爱捏~happy猫玩具来了！真的泰裤辣！,1322394,1255,2023/4/30 12:50,14.2万,2.0万,2.4万,1.0万,机智的Kason, 133.1万
这三转四折的爱情啊,1260563,2009,2023/5/1 12:00,12.2万,9762,5094,3330,真子日记, 147.8万
我第一次穿汉服坐他旁边 他竟然跑了......,1050647,1213,2023/5/1 18:00,20.3万,1.2万,2.0万,8336,AriaAndBrandon, 106.4万
加拿大人家里水龙头是真的流牛奶啊，补钙管饱还省钱,2154672,2091,2023/4/30 12:17,19.9万,2099,1.0万,3476,行走的大大大羊腿, 62.0万
梗上长游戏？能玩的动画剧？星穹铁道真的好玩吗？【星铁考据鉴赏】,594882,4325,2023/5/1 16:54,6.6万,2.0万,1.3万,5343,Muc虚空之翼, 77.5万
不太懂音游 请问我弟这是什么水平？,853984,979,2023/4/29 21:17,7.9万,1090,4962,3276,江若泽_,427
“我又回到了梦”,740638,741,2023/4/30 17:47,10.0万,1.9万,1.7万,184,SHIZ狮仔, 2.0万
这小子回来了！燃命之术从现江湖了？,335875,1106,2023/5/2 16:13,2.1万,3145,1394,329,陈大白, 122.5万
姬子老师:开拓者家长们，路上有点堵车，这节挖呀挖呀挖课来晚了,317169,516,2023/5/2 1:24,4.6万,923,9440,4554,动漫跳舞姬, 9.5万
【国外跑步尬聊】俄罗斯小姐姐我是真心动了！,1263157,2904,2023/4/30 18:05,3.2万,3371,9157,1914,猛男自我修养, 33.1万
苏感爆棚的男人来了！生野！生涩！生狠！不会说话，但眼里全是台词！,562935,828,2023/5/1 1:59,3.1万,6078,1.4万,7388,瓶子里的大鲸鱼,454
氢氟酸溶尸，老白再添杀孽！《绝命毒师》第2期解读，启程阿尔伯克基（含彩蛋、色彩、音乐解析）【墨菲】,221694,1879,2023/5/2 23:36,2.5万,2.3万,4954,358,绝命墨菲, 72.3万
感受到了培育蔬菜这件事的重要性,2038533,5163,2023/4/29 20:27,22.7万,1.0万,1.4万,4909,张圣叹Yo, 133.2万
机器人外骨骼套装初体验！,1253047,806,2023/4/29 17:05,9.1万,2208,1.0万,4672,超跑爱丽丝Super, 35.6万
《凄美地》聚会随唱版,196911,49,2023/5/2 9:49,1.8万,1750,3097,402,我只吃晚饭Mia, 19.0万
秦始皇陵最新发现：2023年4月，历时14年的‘秦陵兵马俑一号坑第三次考古发掘’阶段性成果对外公布，这回，我们又挖出哪些秘密？|自说自话的总裁,1239165,6383,2023/5/1 12:00,4.0万,6401,9324,2225,自说自话的总裁, 169.0万
三十多年洗脸心得，千万不要这样蹂躏你的脸,176808,153,2023/5/3 1:39,2.5万,1507,2095,373,指法芬芳张大仙, 693.5万
巴基真的能成为海贼王？十字公会还会有战力加入！深度解析红发与罗杰的意志传承，海贼王1082话细节伏笔分析！,332800,1232,2023/5/2 19:22,1.9万,3015,1015,381,动漫作业本, 125.8万
十年前1.8万买的钻戒，如今只能卖180元，贬值99%,866643,5667,2023/4/28 19:30,3.6万,5813,1.5万,1.9万,远方的青木, 17.1万
?被这发癫的超人强笑死哈哈哈哈?,795842,1655,2023/5/1 23:09,8.6万,9643,3.5万,6852,天气温云, 20.1万
假如剧情跟着弹幕走！,1097677,142,2023/4/30 17:16,9.5万,627,4978,647,是个维维啊, 93.7万
家人们！好声音后续来了！,1985599,2039,2023/5/1 15:01,26.4万,1.1万,1.3万,1770,李炮炮儿, 32.0万
【WLOP】DressingRoom3-风曳【鬼刀】【绘画】,167248,89,2023/5/3 11:18,1.8万,2554,2658,257,wlop-, 273.6万
什么是恋爱的正反馈？,521158,201,2023/5/2 17:30,2.6万,2161,4170,2527,神经酋长, 44.6万
开拓等级42，均衡3级！魔爪喝不动了，这把养生局！,618764,719,2023/5/1 17:05,7.3万,1002,2596,2251,韵哥解说, 9.9万
怎么会有这么吓人的小孩！宝藏游戏《孩子街9号》实况 自制中文翻译,203821,2600,2023/5/2 16:11,2.1万,6866,4839,496,渗透之C君, 567.0万
甲壳虫直播被打的抱头痛哭！,264691,407,2023/5/2 18:31,1.4万,4630,897,284,王者剑圣甲壳虫, 44.3万
这是什么逆天新手啊！！,3488331,485,2023/5/1 9:25,15.7万,3487,3.1万,359,FoFTG, 219.4万
三月七:你什么意思！〖白白剧场〗,555138,857,2023/5/1 17:00,5.5万,8143,1.6万,1644,爱抽卡的白熊, 16.8万
能不能买？便宜超大碗，7款500元价位2TB的PCIE4.0固态硬盘横评测试,258167,1242,2023/5/3 7:57,1.5万,7557,3451,1367,喵喵折App, 164.8万
【m|D良 竖版直拍】荒野牛仔女郎 UNFORGIVEN (SAKURA FanCam) | 230501 LE SSERAFIM COMEBACK SHOW,378597,1726,2023/5/1 22:35,5.3万,6212,1.1万,1889,m|D良映像集, 8.6万
在菜市场收获两根牛蹄，做了道“川式香辣牛蹄煲”，西班牙大厨直接看呆了！,469606,346,2023/5/1 19:00,4.6万,615,1272,61,西班牙陈挺, 68.5万
【ZB1】Ricky&金地雄-Feels with rose,170147,937,2023/5/2 18:08,1.9万,1355,4815,2723,ZB1_ZEROBASEONE, 15.6万
宇哥哽咽，还是心疼去年考研的同学,516946,528,2023/5/2 19:00,1.4万,3164,3246,1551,启航教育官方, 3.9万
不是里程最长的，但确实是最惨的一双飞电2challenger,2136412,199,2023/4/29 17:52,6.3万,1072,2304,166,老张的鞋Deron, 4.9万
9.5分封神收官！解说《漫长的季节》大结局！10-12集,771953,4495,2023/5/2 0:29,2.2万,5741,3344,1274,我是一只粽子啊, 82.4万
一个视频看懂王莽的一生,1235843,14765,2023/4/29 19:57,9.3万,9.9万,5.0万,4239,唠点历史, 88.0万
可恶，这绝对是幻术！,1855503,121,2023/4/29 20:06,10.3万,1401,7234,115,魔术特白, 37.5万
香港歌手试国产车，会有什么评价？,545614,2490,2023/5/2 11:00,2.8万,8808,2315,1379,极速拍档, 238.8万
切个菜，哥哥姐姐,436772,348,2023/4/30 18:05,5.4万,793,4726,4439,成都AG超玩会阿楠, 1.4万
【搞笑翻唱】“摆又摆不烂，卷又卷不赢”『当代年轻人现状』,260905,100,2023/5/2 11:00,4.6万,7879,8561,3515,穆小泠Official, 58.8万
惊呆了！当代年轻人都流行这些？！,1402243,1130,2023/4/30 18:00,15.7万,2204,1.5万,4565,网不红萌叔Joey, 355.9万
好 我自己来说这里有模仿 有创新 希望同学们和平相处黄老师要开挖了只为了你们开心各位同学们五一快乐,761008,825,2023/4/28 15:58,4.9万,6776,9051,1.1万,音乐老师花开富贵, 6.6万
世界本破破烂烂，但总有人缝缝补补~,494149,180,2023/4/29 1:19,6.1万,7377,6204,186,思念资迅,2250
方块竞速 但游戏体验「天差地别」？！,389264,2433,2023/5/3 8:00,4.9万,9254,4539,220,大炒面制造者Cen,多名up主参与
十八星神派系详解！黑塔雅利洛仙舟三大地图历史梳理！ 崩坏星穹铁道剧情解读分析 四万字解析世界观核心设定,341196,5206,2023/5/1 12:00,5.6万,6.2万,3.2万,4286,醋里有毒, 3.8万
不要轻易值夜班！会发生的怪事很多！,934514,4435,2023/5/1 11:15,6.7万,1.7万,1.3万,708,与山0v0, 316.4万
打我一下试试！无限火力这个组合超火爆。赶快玩！,1270946,347,2023/5/1 13:46,6.3万,2126,6232,1.8万,无月泽拉斯, 14.9万
可可利亚BOSS战《野火》激燃翻唱【崩坏：星穹铁道】,310133,244,2023/5/1 21:20,4.0万,4947,6323,676,KBShinya, 192.9万
以神之名｜解构毒虫李莎拉的精神世界,397572,436,2023/5/1 17:22,3.5万,2499,5641,474,平原小狐, 1.6万
【高能】你们技术型二刺猿不要太离谱！！！,259946,284,2023/5/2 10:00,1.5万,3220,1396,3012,在下淘子, 11.0万
妍珍呐，久等了！一口气看完复仇爽剧《黑暗荣耀》两季 怒肝5000帧！,642283,471,2023/4/30 18:16,7.3万,1.1万,1.4万,6265,惊奇动物园oopspark, 7.2万
【aespa】aespa《I'm Unhappy》Track Video,360779,1947,2023/5/2 23:00,3.2万,1.3万,8541,6818,aespa, 73.3万
【原神HoYoFair】【狄龙顾】「先驱：将军幕」  完整版,249020,983,2023/5/2 17:00,3.0万,1.9万,1.7万,3597,狄龙顾, 6.9万
假如你有一个早餐机,684019,2085,2023/5/1 19:17,5.9万,4898,4749,979,神奇海挪, 187.9万
久咳不愈可能是哮喘？70%哮喘患者控制不佳，只因大家误区太多了！【医生聊天室】,194675,1787,2023/5/2 18:00,1.8万,9058,2873,3142,大物是也, 101.6万
古代皇帝被权臣架空为什么不用圣旨杀了他,583161,576,2023/5/2 17:00,3.1万,1275,3529,217,许右史, 52.9万
“在遇见我娘子之后，被揪耳朵和衣领便是家常便饭。”【云襄传｜陈晓X毛晓彤】,361652,1313,2023/5/2 0:06,1.2万,1872,3100,1567,墨赴长安,8226
大明辛吉飞,255421,105,2023/5/2 8:10,2.2万,570,3248,953,咆哮的OneFan, 14.8万
阿尔法boss一出，阁下该如何应对,1238007,134,2023/5/2 17:01,9.6万,571,2727,127,疯狂大笑总, 115.1万
读评论有啥意思？我直接表演个吃小猫！,259546,949,2023/5/2 21:05,3.9万,3412,5404,176,江鸽北主任, 124.0万
海外大牌青睐的中国非遗手艺，在国内有多大落差？,627217,1979,2023/5/1 17:00,9.6万,3.7万,6993,572,敬汉卿, 955.2万
跟李荔枝（教官）一起旅游（军训）,273241,203,2023/5/2 11:20,1.4万,605,812,1518,王蓝莓同学, 95.0万
白露：非要指望生存位吗？,1916521,739,2023/4/29 17:23,10.7万,708,5313,6972,且让天下一先,327
150秒一镜到底，看王者全英雄走秀！,447838,2165,2023/5/1 17:55,2.4万,1844,3773,2930,王者荣耀, 582.0万
【超级小桀】桀哥如何看待《塞尔达传说：王国之泪》偷跑？小博主直播或者发视频是不是处罚不到？,792827,981,2023/5/2 18:46,2.0万,1829,1790,3386,神奇的维C, 28.9万
疯狂蒂厨四周年井蒂蒂实录,108527,1096,2023/5/1 19:58,8243,4537,746,711,0度寒风,245
【睡前消息584】张伯礼+张仲景，南阳不想输襄阳,337854,7557,2023/5/2 20:00,2.4万,1.4万,3866,2536,马督工, 164.4万
咱就是说，这是纯友谊，还是真爱情？,3834937,1505,2023/4/28 22:46,44.6万,1.4万,8.9万,8357,没问题蚊西, 13.5万
《别拿原版bgm 骗 我！》,1574224,944,2023/4/28 23:50,8.4万,6555,1.4万,4424,一树一笙箫,425
当我把《夜曲》旋律倒过来写成一首新歌《日曲》，不一样的感觉哦！,440588,828,2023/5/2 18:00,2.3万,1.4万,5611,2667,king金鑫-音乐制作, 21.5万
鉴别网络未知事物335：2种你可能见过，但不知道是什么的奇怪物体,4464311,297,2023/4/26 19:10,9.5万,755,3332,118,无穷小勺子, 6.3万
圆脸正确变美思路 明星化妆师在线改妆,521242,425,2023/5/2 17:48,3.6万,989,1.5万,2696,Elvis增增-, 55.3万
老广怎么这么会煲汤！？,354470,1557,2023/5/2 18:00,2.0万,1.0万,2.2万,4246,马蹄厨房, 138.8万
你一定没吃过的饺子馅，1顿30个都不够的烤肉饺子！,308934,44,2023/5/2 14:05,2.7万,614,8830,626,夏叔厨房, 131.3万
20世纪的“哲学王”是谁？【奇葩小国46】,2769225,29580,2023/4/28 11:00,21.0万,10.6万,3.5万,5528,小约翰可汗, 613.4万
第一人称强吻帕姆?,263353,256,2023/5/1 18:14,1.3万,1672,5873,5360,茉莉绿茶少糖, 15.9万
【卢克文工作室】淄博模式，都借鉴起来！,298035,927,2023/5/2 15:29,1.6万,1475,1702,738,卢克文工作室, 345.3万
《明日方舟》EP -The cure,290157,591,2023/5/3 10:52,5.3万,1.5万,1.1万,1604,明日方舟, 538.7万
谷歌翻译20遍【小鬼泰裤辣】配音,407401,578,2023/5/2 14:31,3.8万,1637,6167,5081,不完全变态的迪奥, 16.5万
上《 学 Distance 》,175897,259,2023/5/2 19:32,1.4万,5322,3558,2235,龙大人不喷火, 36.8万
买卖不成仁义在，这台老车真不卖,253925,190,2023/5/3 11:05,2.5万,2203,991,636,招财喵剧组, 16.6万
中国男友在欧洲农村有多受欢迎？大家把他当做大熊猫,322177,1068,2023/5/2 12:00,2.5万,1538,1384,455,马佳PopMatta, 76.9万
清洁游泳池到底有多解压？,5735835,926,2023/4/28 11:37,15.2万,1638,9229,773,全球不知道, 20.8万
地下刀塔《拷打XG回家局 三大槽点令人窒息》,126450,2113,2023/5/3 8:25,7126,5090,652,1543,杰出哥, 8.9万
【原神】看好了，这才是白术的正确玩法！,408236,857,2023/5/3 0:52,3.1万,549,1550,948,覆雪之下--, 95.2万
但凡早发一天，米哈游都得V我50,215598,5987,2023/5/3 11:25,2.3万,1.1万,2085,1090,我牌哪去了, 19.8万
小熊被改造了，玩具熊安全漏洞 #4,391437,5862,2023/5/2 18:43,2.2万,4451,5272,172,鲤鱼Ace, 425.3万
【明日方舟】  W：“就吃了一口饭而已！有这个必要吗！”,227258,356,2023/5/2 17:49,2.4万,3640,5618,2191,柯里里, 8.5万
【崩坏星穹铁道｜野火】百万级录音棚听《野火》可可利亚BOSS战BGM【Hi-Res】,971594,1625,2023/4/30 14:38,5.9万,2.1万,3.4万,1.3万,JLRS-jayfm, 28.4万
李连杰VS周比利格斗解析，载入影史的动作片教科书巅峰对决,351664,1374,2023/5/2 16:37,9055,1253,2030,385,李小龙谜之传人, 21.7万
180买一根牛蹄，胖龙做“虎皮牛蹄”啃着费劲，吃着香！,1114514,2321,2023/5/1 17:40,2.7万,2778,1629,409,胖龙的小生活, 137.3万
"超市打烊前去囤货,1300块钱的帝王蟹半价!",1155463,2293,2023/4/30 18:00,6.0万,6768,2745,1310,小紧张的虫虫, 418.4万
在家从洗面筋开始做了200斤辣条，这回黑作坊彻底坐实了...,947876,439,2023/5/1 12:30,8.1万,3348,3660,449,苟宋本苟, 47.0万
【乐队Live版】星间旅行《崩坏：星穹铁道》OP,491620,947,2023/5/1 12:00,5.4万,1.4万,1.1万,1954,茶理理理子, 162.9万
(oiiaioooooiai)2,1015746,960,2023/4/29 12:00,15.9万,9766,2.8万,5049,浑元Rysn, 318.7万
【明日方舟】缪缪：蒂哥不要啊！ 蒂蒂：让我康康！,161328,99,2023/5/2 13:21,2.0万,1525,4499,713,XBoss-谢泼德ed, 2.8万
从元丰改制谈到唐宋官制的演变，宋神宗为何在北宋九帝中十分特别？【千秋一面|北宋变法】,203821,919,2023/5/2 14:35,1.1万,5083,5047,400,嘉v生宣, 32.8万
咖啡、柠檬茶真的有必要加这么多冰块吗？【鉴定网络热门奶茶视频】,1020724,977,2023/4/30 19:50,3.0万,820,3330,531,萨古的奶茶计划, 53.4万
《所有人给我站一边》,408595,361,2023/5/1 18:27,3.7万,2592,6571,1340,玫瑰拾伍,1571
我能站在这你能吗是什么梗【梗指南】,1445769,3038,2023/5/2 18:47,9.5万,3266,5982,2.0万,梗指南, 365.4万
【Zc】阳第二天，简单吃一点,338423,1065,2023/5/3 12:25,3.5万,3037,1319,975,魔法Zc目录, 251.5万
一个视频看遍全国318个5A景区，你见过什么样的风景？【5A合集第二弹】,351468,2221,2023/5/1 12:27,1.6万,1.0万,2.6万,6221,末末游记, 3.3万
《原神》拾枝杂谈-「卡维：宏愿迢迢」,247982,1262,2023/5/3 12:00,4.2万,4682,3585,661,原神, 1695.2万
星穹铁道开局再梦幻！也解不了米哈游的焦虑~,288394,868,2023/5/2 16:05,3.2万,2640,2209,155,亚食人, 137.7万
《没关系，又合群了一天》,314271,234,2023/4/30 12:18,1.5万,1226,3201,5296,纯风先生,104
再无芥蒂彼此交心，此刻正是连结之时！,710690,750,2023/5/2 18:00,5.4万,9834,5593,1.0万,火影忍者手游情报君, 120.9万
五个人的队伍，真是泰裤辣！！！[原神配音],783539,415,2023/5/1 18:00,8.3万,1541,9288,1500,祈陆hiru, 7.5万
在北京为了吃这顿早茶，特意在边上开了个酒店――冶春,334438,1255,2023/5/2 11:30,1.5万,1327,853,566,真探高文麒, 125.8万
你的贴身学习APP？TA来了！,793728,6134,2023/5/1 20:42,10.1万,7.5万,3.4万,8045,一数,多名up主参与
【私藏馆】五月天《干杯》万人大合唱现场！如果有一天时间真的能倒退,525232,1299,2023/5/1 18:51,4.6万,1.2万,1.3万,6834,音乐私藏馆, 637.1万
【TF家族】《登陆计划》系列演唱会――“蝴蝶效应” 之《还有多久，还要多远》【演唱会纪录片】（上）,1150348,274434,2023/5/1 13:27,5.0万,9367,1.2万,1229,TF家族, 595.7万
大爷转身就走了……,464275,154,2023/5/2 10:53,3.8万,765,6307,2759,烂活-_-, 3.4万
aespa回归先行曲Welcome To MY World(Feat. n?vis) MV公开,758758,3944,2023/5/2 17:06,5.2万,6968,1.3万,9899,pcyxjy, 159.7万
这是在攻打重庆吗？五一假期重庆各景区遭游客占领：根本挤不动,1198974,1558,2023/5/1 15:54,2.8万,515,4344,3.7万,掌闻视讯, 1.2万
隔壁班女同学都帅哭了,1048606,695,2023/4/29 20:18,10.3万,1110,5919,2594,-贾斯丁-, 42.8万
【七亿男人的梦】“富婆和小美，太难选了”,530969,2899,2023/5/2 14:26,4.7万,1.1万,2133,1591,我叫孙火旺, 240.1万
这就是那个假装在厨房帮忙的亲戚,2204466,472,2023/4/30 14:15,15.7万,2216,1.5万,1.5万,你的俄罗斯好朋友, 25.1万
"""挖错了坟，该拜哪尊神啊？！""",3472240,3325,2023/4/28 17:30,25.1万,2.7万,8.9万,4126,盒子酸奶, 221.2万
我是擎天柱,408656,127,2023/4/29 14:58,4.0万,1508,9197,4901,沙雕关爱中心,225
天不容我，我必逆天！！！,616523,704,2023/5/2 17:46,6.9万,8140,3452,532,佐悠-Leisurely, 105.4万
感谢大妈给新崩的空气刘海,3732833,1719,2023/4/29 17:59,24.4万,2.6万,3.9万,8.1万,周周啊, 55.3万
香港方面已证实，漠叔与自行车失盗案无关！,1390044,7291,2023/5/1 12:00,11.7万,3.1万,6448,1739,大漠叔叔, 555.2万
完了，这下解释不清楚了,5650094,823,2023/4/27 21:37,36.5万,3400,8763,691,疆域阿力木, 229.6万
鹰角：你这样玩游戏是要收费的,482701,402,2023/5/2 18:07,3.0万,3638,4437,7248,金乌___, 3.9万
【崩坏星穹铁道】谁才是平民最强光锥？全角色光锥排行榜！萌新必看的光锥搭配攻略！,1288358,928,2023/4/29 10:00,9.8万,1.2万,4.9万,4601,梦轩dada, 90.6万
被指到的人饭量加倍！韩服最强王者组下饭集锦#2,311900,506,2023/5/2 12:05,1.8万,7188,1753,717,yizhilugou, 105.2万
我剪的时候都没绷住,1212871,1340,2023/4/29 12:01,5.3万,5654,2.0万,5416,苏执君,6198
情侣千万不要互翻购物记录！无法直视…,1000356,3549,2023/5/1 12:05,7.7万,1.0万,4209,1241,宝剑嫂, 438.6万
我推的高达，FM风灵【TD25定格动画】,423769,418,2023/5/1 12:05,6.3万,2.5万,1.4万,5608,利利那TD25, 72.0万
亚洲父母的攀比大法【Steven He】,973285,348,2023/5/2 14:43,12.2万,6530,7557,994,Steven_He官方账号, 45.1万
家人们谁懂啊 琛总的现场看一眼就会爆炸,729343,619,2023/5/2 18:00,10.6万,1.3万,8159,6298,凉鹿鹿鹿,多名up主参与
哔友们 握手判几年,658247,456,2023/4/28 13:28,7.5万,831,2040,520,pycharm青野,138
好听的美食？又好听又好吃的食物有什么？,829311,12689,2023/5/2 18:00,10.2万,3.1万,1.5万,1390,小傲想睡觉, 272.9万
当我从老婆那听到前女友这三个字的时候就明白，我已经死了！,697329,1122,2023/5/2 17:00,4.5万,8228,2235,2549,卑鄙的老曹, 96.1万
传手机游戏笑的我肚子疼,494799,184,2023/5/1 14:27,5.1万,658,2823,1123,屈大将, 14.0万
【甄执】职场小白兔的升级宝典！！！,170280,353,2023/5/1 19:13,2.1万,2750,9761,887,少女张六花, 29.5万
9.2分的犯罪剧，比喜剧还搞笑，东北话的劲儿太大了！深度解说《漫长的季节》,1960200,5803,2023/4/29 20:20,7.0万,1.4万,1.2万,5649,刘老师说电影, 469.7万
父母眼中自己玩手机的样子？？？《最 骚 营 销 号 51》,559670,7808,2023/5/1 17:28,7.9万,6790,5562,990,NBzhuoc大, 225.1万
【黑娃兄弟】逆天审讯，一只鸡引发的血案！,769420,2552,2023/5/1 17:23,6.7万,2.1万,5922,776,文西与阿漆, 276.0万
三崔：上课这件事情真的泰裤辣！,153341,477,2023/5/1 19:38,4.3万,5982,1.2万,5710,吸吸冰不冰, 2.9万
《 中 国 队 长 》,373065,1640,2023/5/2 19:53,3.6万,3607,2552,1252,智勇双全富贵君, 78.4万
英国人在西双版纳目睹袭警，泼水节是这么疯狂的吗？,431987,1315,2023/5/2 12:24,2.6万,4100,2141,392,肖恩Shaun-Gibson, 97.7万
无人区遭遇可怕沙尘暴，无处躲避坚持三小时终于脱困，太不容易了,1083649,19351,2023/5/1 15:05,9.9万,6.2万,7690,2242,徐云流浪中国, 204.5万
就饶了小女子吧,719405,219,2023/4/30 16:27,7.1万,2243,1.3万,3535,阿鱼Au_lishan, 12.6万
《原神：克苏鲁神话》角色演示-「优：深空之异彩」,278640,229,2023/5/2 12:00,1.5万,3509,7691,2302,遛遛你的牙齿,9739
楼下 键盘 法拉利 懂？,1011905,706,2023/5/1 14:39,7.6万,1569,8687,2696,残月幻术师, 5.7万
爆肝100小时！！人类前所未有的超高质量操作？！,162467,577,2023/4/30 9:31,2.4万,3793,3832,102,九默同学, 1.5万
哈？,525852,240,2023/4/26 23:33,6.2万,957,5336,3496,斜视眼玩家,646
哈哈..新来的同学非要做自我介绍,491673,738,2023/5/1 17:12,7.5万,1.2万,9231,375,捏碳碳碳碳, 137.0万
在枪战时拔掉了敌人弹匣！7.0！,2051086,557,2023/5/1 11:19,13.4万,3460,1.7万,3166,守拙君, 97.7万
【散人】令无数玩家崩溃的游戏 续作！《alt f4》续作通关实况,146017,1414,2023/5/3 12:00,1.8万,7542,3628,167,逍遥散人, 642.2万
猫：两脚兽就是没出息,261842,98,2023/5/2 12:00,3.6万,1175,2535,3928,发射小人, 12.6万
来自不同国家的泰裤辣,458678,442,2023/4/27 16:17,2.5万,1897,5142,2264,打不倒の西撒, 20.7万
跟我打台球的就知道我是从来不会耍赖的,770687,269,2023/5/1 18:32,4.6万,751,2329,1031,仙人老表, 12.0万
??不潮不用摇??,570577,634,2023/4/29 12:55,6.3万,1.1万,1.5万,8120,颠颠葡萄,1366
【哈姆雷雨】这是高中生能整出来的活？！,189802,438,2023/5/1 21:06,1.9万,2234,5511,2561,飞鸟归麦田,501
【你说我接】三个人凑不出一句正常的话！,305523,778,2023/4/30 17:00,3.8万,2245,6029,405,主播蛋白i, 225.0万
2023 游戏玩家现状,579432,2491,2023/5/1 15:01,5.4万,4919,3357,553,力元君, 410.9万
我 要 脚 趾 尖,335993,1055,2023/5/1 16:02,3.2万,1957,1.2万,1317,Mr_滑稽稽, 2.3万
《 机 枪 模 拟 器 》,2437410,4546,2023/4/30 10:00,23.5万,11.2万,3.7万,2.4万,马鹿blyat, 168.5万
史上经费最紧缺的太空电梯 没有之一,454123,400,2023/5/2 17:34,3.2万,8386,4375,3291,权限狗腐竹,444
我宣布我爸单飞了！,2503827,854,2023/5/2 12:00,25.0万,3079,2.0万,6956,岛城三人行, 55.3万
钢丝系列,774077,199,2023/5/1 22:51,10.4万,1029,8140,559,暗器阁大冲冲, 20.9万
被你写错了几十年的字,2504460,2740,2023/5/1 8:51,7.5万,1176,1.3万,1051,阿宁今天写字了嘛, 2.4万
从来没玩过这么有意思的关卡,340558,490,2023/5/1 17:36,2.6万,2169,3842,8406,半禺心, 1.9万
全地面六星干员 VS “交通亭” 量产型，要不你来当boss？【明日方舟】,477486,3167,2023/5/2 14:33,3.6万,4164,2208,727,-碱式碳酸咸鱼-, 23.0万
可怕的阿曼达背后隐藏的秘密！《冒险家阿曼达》正式版全结局全隐藏收录！,260048,2117,2023/5/2 10:00,2.4万,5566,5340,232,孤独音符, 85.5万
今日份彻底疯狂 请签收,241515,423,2023/5/2 16:19,2.2万,1000,833,607,我是弹纸儿, 41.9万
广东人和湖南人互换饮食，一个被辣死，一个没味,1267762,4724,2023/5/1 11:30,7.2万,1.1万,3547,1330,在下哲别, 278.2万
唐僧：谁还不会个三头六臂啊！,189336,638,2023/5/2 17:30,1.9万,4424,1237,521,冷淡熊, 182.0万
兄弟问我昨晚为什么安静如鸡,712074,153,2023/4/27 14:37,7.6万,532,2807,800,大莫莫my, 36.4万
这样的面试实在是泰裤辣！,298160,369,2023/5/2 13:33,2.1万,3971,583,387,马哥巨离谱, 63.7万
成都底层rapper的生存状态，年轻真实才华横溢,1618918,30397,2023/5/1 9:15,6.5万,3.5万,1.3万,5.1万,峰哥亡命天涯, 163.5万
假期来了，我发现我的员工居然…,1130758,296,2023/4/30 17:30,9.0万,825,1871,286,狈总, 232.2万
雨雪、冰冻、陡坡！三天行程4600公里，睡不到10小时，特种兵式旅游是快乐还是遭罪？,296377,2109,2023/5/3 10:30,2.7万,2.4万,8344,9264,滤镜粉碎机, 95.6万
万物皆可风筝！我们去风筝节上拍了点不一样的！,601909,3311,2023/5/1 17:00,5.9万,1.5万,6179,3440,影视飓风,多名up主参与
乌龟大师仙逝原版,1014974,382,2023/5/2 6:05,3.0万,615,1.0万,9484,JJMAC_Li,2569
少年不可得之物，终将困其一生！,2041410,9683,2023/5/1 11:55,17.8万,2.8万,1.7万,7433,手艺贾, 146.2万
我职业乞讨的今天都没挤进商业街,1692720,435,2023/5/2 0:01,4.4万,1049,4632,1.3万,打嗝鸡ovo, 5.1万
大堂经理处理浴池硬件设施损坏事件,419621,462,2023/5/3 11:32,3.5万,1593,1125,407,老四的快乐生活, 86.3万
比 亚 迪 龙 王,299859,1177,2023/5/2 11:30,3.0万,974,1757,612,小洛龙王,多名up主参与
我找到了五光十色的白！,1478571,2591,2023/4/29 19:17,10.1万,4713,2.5万,1443,祁么么mo, 151.4万
五一带老爸游西湖，老富看到人从众，都懵了！,636815,4135,2023/5/2 17:00,3.9万,1.3万,1772,375,路卡和瑞丽, 36.6万
【星穹铁道】想要玩好彦卿 一个视频就够了！教你角色手法~阵容搭配~遗器遗器光锥选择~,642368,953,2023/5/1 17:22,3.5万,3389,6900,2241,丸子, 123.7万
霆霓快雨，畅爽解压！白术！刻皇队最后一块拼图！金珀宗室充生生！片尾月卡党配置展示,241442,371,2023/5/2 21:21,9248,1013,586,1661,早起锻炼的璞,9431
我的世界：不死图腾，闪现迁坟，极简濒死传送！,1025072,703,2023/5/1 12:26,8.8万,4634,3.7万,1983,图图图酱吖, 69.2万
千防万防！家贼难防！,202459,241,2023/5/1 21:06,2.8万,2262,2051,141,尼奈nine_Official, 68.7万
【崩坏：星穹铁道】摆 拍 狂 魔,379779,872,2023/4/30 17:26,8.5万,3949,2.2万,2988,西瓜酥Su, 23.8万
老爸这回真的是用心了！祝大家五一快乐。,1255397,1299,2023/5/1 11:22,12.8万,4867,5297,402,疯狂小杨哥, 449.3万
乌龟大师仙逝原片段,669285,135,2023/4/30 21:09,2.5万,630,7582,5350,部川库子的滑稽君,3830
男子强行打包螺蛳粉，今天的螺蛳粉都归我了！,4555579,1346,2023/4/28 0:30,15.9万,1602,8703,8665,笑点有点低哦, 21.2万
除了亲妈都是后妈！,2604940,135,2023/4/29 18:41,10.8万,1257,2131,449,派小轩, 81.0万
一枪贯穿星辰！！LOL还原潘森贯星长枪的真正威力！哦哦哦哦哦哦哦哦哦！[有点骚东西],684946,3337,2023/5/2 16:40,4.0万,6290,2583,2276,上海滩许Van强, 191.0万
有一个爱做饭的室友是什么体验,506490,340,2023/5/2 12:00,4.7万,1514,1391,730,李哥我饿了, 95.0万
问：COS成保安混在赶人队伍当中会是什么样的体验？！,3412094,146,2023/4/30 18:05,8.5万,544,2848,407,Co视, 40.5万
破防！被女友发现我偷偷和虚拟AI小姐姐聊天...她彻底忍不住了？,388619,1345,2023/5/2 12:00,2.9万,3740,1670,915,盖里老哥, 179.7万
光脚团建和出轨 爬山好精彩的韩国国民运动,704325,3419,2023/5/1 20:00,6.8万,9180,3858,2110,知名相声演员BBBBB大王, 123.9万
笑死，这就是骂电视剧的电视剧吗？我合理怀疑你们在内涵【全资进组】,1464163,1853,2023/4/29 19:34,8.4万,5389,1.1万,8250,Ms_葵,2049
从零到英雄需要多久？来自老外的纸条诅咒！,1684364,3698,2023/4/29 19:49,14.2万,9538,2.0万,2178,大铁牛Game, 14.8万
当电子鸡瘟病毒感染世界...,414537,598,2023/4/29 16:51,3.5万,3306,6261,4015,咪克菌, 55.9万
谁的闺蜜是恋爱脑？阿猩把她送去绝情所,396980,229,2023/5/2 16:34,4.8万,1066,1845,1577,七颗猩猩QKXX, 120.7万
可莉就想喝一口奶茶,615959,147,2023/5/1 12:41,6.5万,755,9213,3606,你小佑哥哥呀, 2.5万
成年人才做选择，清华北大我都要!,269187,1722,2023/5/2 12:00,1.7万,3445,1090,476,棋手战鹰, 115.6万
牛爷爷，你。。。。。。,1253225,223,2023/4/27 10:30,7.7万,647,6624,2883,Zirch子成, 2.2万
一个反击24W！克拉拉单通深渊15层和世界6，这还刮痧？,518013,991,2023/5/2 12:05,2.0万,1113,2967,5243,靖菌命, 274.1万
【星穹铁道】模拟宇宙6保姆级平民攻略教程，全白嫖4星角色+主角较低配置通关思路,177708,305,2023/5/2 10:22,6027,3167,2252,1163,墨色长安, 16.4万
我的世界：太阳风暴3，天幕救世计划，村民笑着逝世,154750,1986,2023/5/3 9:00,1.5万,4916,2270,102,nor叔, 84.6万
突击测试上海英语角的英语水平！！【硬核vlog11】,268364,1976,2023/5/2 18:47,1.7万,5121,2506,866,邵艾伦Alan, 210.5万
地下室，但是坐了180秒,233334,572,2023/5/1 23:18,3.5万,2692,9495,5670,支南今晚做噩梦, 3.7万
因为太过血腥而被封杀！最夸张的4399小游戏,166642,866,2023/5/2 17:00,1.7万,4305,2599,77,楼上的老张, 221.5万
这案子破的是如此轻松！,1205986,651,2023/4/29 10:08,12.3万,886,1.4万,1321,cheems日记, 45.5万
【崩铁】开拓者：我妈三天没打我了！,540350,351,2023/5/1 10:30,4.0万,2477,8729,723,宝卟妞BOOM,4159
二营长竟然变成了萌妹子？,1527734,379,2023/5/2 17:20,15.9万,9285,4782,704,宋云生-, 78.2万
派蒙X可莉两眼一黑版（大型社死现场）,475742,359,2023/5/2 17:50,5.3万,1012,5117,4443,战辉,多名up主参与
陈翔六点半：那个新来的员工为何被所有人针对,344884,596,2023/5/2 18:05,2.3万,2444,671,529,陈翔六点半, 221.4万
抽奖给小学生练习册,863826,432,2023/5/2 15:30,9.0万,2048,2407,547,旺仔有内涵, 122.8万
武Distance,516231,783,2023/5/1 23:24,2.3万,5761,2605,3355,碧桑驾dell, 13.6万
好久不见，耍一把,272425,202,2023/5/2 11:30,1.4万,4006,535,138,反白嫖艺术家, 16.0万
五一去参加舍友婚礼竟然上了央视新闻,1142542,806,2023/5/1 22:22,3.2万,4244,2474,1082,小管同W, 13.4万
你在做一种很新的电脑,2886803,3516,2023/4/30 17:15,24.4万,1.4万,1.9万,1.8万,开箱嘤嘤怪, 178.9万
我在谷歌地图找到了深海怪鱼...,530367,3773,2023/5/1 17:50,4.2万,4410,9035,366,沙雕网友咸叽叽, 191.6万
这款24年前注定悲剧的游戏，却隐藏着逆天改命的完美结局！,343244,2830,2023/5/2 11:41,2.7万,2.2万,5991,635,逗比的预言家, 22.8万
(拍摄于2007)一个在宝马和自行车上都会一直笑的女孩,815930,651,2023/5/1 21:36,3.4万,5471,2950,704,摩的司机徐师傅, 4.9万
人 类 到 底 有 多 能 挖？,934958,450,2023/5/2 13:17,7.7万,570,3433,315,央视新闻, 1516.9万
希儿二件套带封印站？算一下数据就知道该选啥了！别被误导了！崩坏：星穹铁道/太空封印站/模拟宇宙/停转的萨尔索图/二件套/遗器,266331,441,2023/5/2 18:48,6273,1268,981,437,渴望力量的胖ci君, 18.7万
【明日方舟】这次剧情是我配评价的？克里斯腾是我能说的？,219875,855,2023/5/2 9:35,1.1万,1360,2523,720,三平安乐,4009
我们用了4999.99个方块在我的世界中还原出了派蒙,1564609,742,2023/4/28 15:59,16.2万,7498,1.7万,575,蹩脚小丑team,6225
《Flower+ikun+野花香》,449048,234,2023/5/1 21:59,6.2万,3491,3005,789,悠悠球琛总, 182.5万
双胞胎付一分钱轮流去吃自助餐能成功吗？,2709655,1565,2023/4/29 0:06,8.1万,3786,3968,4764,大弟二哥呀,6929
只要威力足够大 精度就可以忽略不计！,563562,540,2023/5/1 21:09,4.7万,997,3385,500,王站长WzGz, 80.1万
阴间玩法3.0-阴风,2055475,256,2023/4/29 17:32,8.7万,711,5818,743,国家二级飞行员, 22.8万
我还是喜欢 你一开始撩头发帅气的样子【恶作剧187】,719304,2099,2023/5/1 15:30,3.8万,9299,2390,623,野生大肥扬, 86.1万
印式面部SPA加唱歌跳舞有没有搞头？答应我一定要看完这个视频。原曲《女友嫁人新郎不是我》#豪哥哥的散装歌曲,515022,445,2023/5/1 14:43,3.1万,3008,4170,2998,微微的快乐分享,3886
今天斗胆模仿一下粉红女郎！还记得万人迷、男人婆、结婚狂和哈妹吗？！当年你最喜欢谁？,341662,167,2023/5/2 12:01,3.4万,1458,810,89,李如儒也是李蠕蠕, 182.2万
为什么不建议任何人去抽白术？,1008999,705,2023/4/28 5:30,8.3万,1.1万,1.3万,3833,西里ski, 2.1万
在游戏里装NPC！差点成功骗到萌新？！,845313,3473,2023/5/2 13:00,6.4万,1.1万,7471,972,中国BOY超级大猩猩, 887.7万
shit: 英语最博大精深的词(之一),132143,816,2023/5/2 19:05,1.7万,6079,2816,716,英语兔,多名up主参与
希儿：布洛妮娅，那种东西不要看啊！,709293,421,2023/4/28 12:10,7.6万,7097,2.0万,2552,兰矛RS,多名up主参与
《原神》角色演示-「白 展 堂」,516698,1139,2023/5/2 11:00,4.4万,1.4万,7827,1.7万,南有风音, 13.1万
盲盒发奖励 里面居然能出现这个！这也太刺激了吧！,1000667,337,2023/4/29 11:00,1.8万,699,997,49,百变公司, 2.8万
傲战天团历险记4,509144,1976,2023/5/1 22:21,5.0万,936,6786,5346,刘炫i, 72.4万
玛奇玛生姜炒肉，现杀现做。,653380,487,2023/5/2 16:35,2.5万,2319,7015,1.6万,阴霾未散,142
人生的路，还得慢慢走。灯火荧光，浩然前行。,1001712,588,2023/4/27 17:35,13.0万,4847,1.2万,513,王大境泽, 128.1万
在抽最强人权卡芙卡之前，你必须得搞清楚，这个游戏的“持续伤害”“击破特攻”到底是什么。,636035,735,2023/4/30 18:45,1.9万,4394,5690,2391,紫洋哈哈哈,9295
天启进化 废柴生存,182388,734,2023/5/2 23:33,2.5万,4543,2028,304,籽岷, 408.7万
【手书】“你身上有她的香水味”,425002,426,2023/5/1 17:52,3.6万,8534,1.1万,6722,RPGLauncher, 2.6万
星穹铁道300抽 下常驻会不会很亏？,262402,729,2023/5/2 11:03,1.3万,2126,742,6340,小霖QL, 148.9万
难受了我太不行，这样你们看行吗,1263757,140,2023/4/29 14:37,4.4万,1085,5337,4408,初海哥,2504
【轰】谁教你这么读评论的？！,612595,781,2023/5/1 12:15,8.3万,2198,1.2万,166,米尼麦泥轰, 15.2万
早看早毕业！模拟宇宙1到6最强自动通关攻略！只用四星角色轻松拿满全奖励！【崩坏：星穹铁道】,947959,491,2023/5/1 6:00,6.1万,1.6万,3.1万,4995,自由大野猪, 157.6万
小乔：挨一枪应该死不了,1018244,2154,2023/5/2 17:43,7.6万,3007,2019,299,尴尬的铁根er, 354.8万
我玩个游戏还要吃家里的桌子是吧？？,631606,3702,2023/5/2 8:13,6.8万,1.2万,7398,394,萝卜吃米洛,多名up主参与
如何应对各种送命题,538161,137,2023/5/1 18:08,2.9万,832,2033,1081,甜一口没, 61.0万
五一在家练习擦玻璃吧,766003,96,2023/4/30 19:01,4.5万,1424,2.1万,2057,郭阿姨-90后保洁师, 5.7万
一进央美2023毕业展，就被感动到了！,560802,80,2023/5/2 17:16,4.3万,668,2427,392,美院安迪看艺术, 50.2万
“偷家的笑容没有消失，只是转移到了别人的脸上”共享账号挑战赛15,410239,640,2023/5/2 11:00,3.0万,1897,1149,162,守护茶茶, 184.4万
【轻方舟】博士不要碰那些水啊啊啊啊啊啊,307654,134,2023/5/2 11:45,2.4万,935,3803,182,赤风NK,多名up主参与
【师严道尊】老厨师陈宗明先生收徒全记录，官宣4K剪辑版。,398648,1740,2023/5/2 18:05,3.1万,6139,1441,403,师父和我做鲁菜,多名up主参与
我酸了，边工作边创业边谈恋爱，泰裤辣！,584692,1660,2023/5/1 14:00,3.5万,4877,1911,1137,谭乔, 438.5万
你家师傅跟你一样， 得了便宜就卖乖,894449,83,2023/4/29 13:20,2.6万,536,5808,437,老贾讲装修A, 1.8万
还有小约翰可汗从没念过的国家吗？提过次数最多的国家是…,250611,753,2023/5/2 16:54,1.1万,909,1689,192,沙琪玛er, 19.2万
爷爷今年86岁，唯一的爱好就是做手艺,713229,234,2023/4/29 18:25,2.1万,1763,2137,588,山里木匠人, 1.5万
明日方舟推特小动画：接缪尔赛斯上岛的博士  BY wheels,311044,205,2023/5/2 1:01,2.2万,918,6029,1541,宅叔马克斯, 34.5万
【星穹铁道】第六世界究极逃课，有手就行，平民，零氪，零抽卡适用，我要当艾丝妲小姐的狗！,692198,741,2023/4/30 7:00,2.1万,3985,1.2万,4744,一树树, 7.9万
【明日方舟】SideStory《孤星》剧情合集,451794,15124,2023/5/1 16:48,1.9万,8070,1.3万,2072,cznull, 10.4万
关于改造楼梯逐渐变成建房子这件事……,2721710,229,2023/4/29 21:58,5.2万,751,2511,71,谢反反,2730
正黄旗的通天纹长什么样？北京满族大哥义愤直言：那叫沧桑,614951,2987,2023/5/1 7:00,2.3万,2966,3253,2273,北京瑞姐, 5.8万
户外助眠（轻语｜敲击｜口月空）五一快乐宝宝们！,586660,350,2023/4/30 23:55,1.8万,5046,1.6万,481,芥末姜酱, 3.4万
【原神】胡桃新皮肤！你的璃月少女――「晨露狄花」,157234,232,2023/5/2 17:48,1.3万,2695,4442,600,万老板, 45.0万
【原神揭开】草系最后一块拼图？白术全方位攻略 & 草体系配队总结,330699,1959,2023/5/2 22:21,2.2万,1.2万,3143,1515,粥粥的终极理解, 32.5万
【原神】白术 0命~6命5精 实战对比测评：超离谱奶爸！后台奶+挂草，全队都变成奶妈，根本死不了！,174182,788,2023/5/3 10:00,1.2万,2961,641,762,小琨爱小蛊, 104.8万
【原神】草系奶爸：白术综合测评：奶量展示/阵容推荐/抽取建议，0命就很能奶的奶爸,263565,616,2023/5/3 11:00,1.6万,1521,747,1000,卡特亚, 277.9万
【崩坏星穹铁道】仙舟「罗浮」 宝箱全收集,531880,3012,2023/4/28 12:53,1.2万,6589,4989,805,莴苣某人, 527.3万
【原神】盛典与慧业 (已完结) 活动攻略/明星聚画/追溯求真/究古考察/药剂应对法/仿生摹行/通路计划/原神3.6,2194170,2032,2023/4/27 10:53,5.9万,3.5万,1.7万,1938,你的影月月, 580.9万
【明日方舟】孤星 全流程实况+剧情 杨颜同学,441463,15533,2023/5/2 5:43,2.4万,8370,6885,1172,杨颜同学, 103.4万
【孤星】CW-1 至 CW-10【超低配】攻略合集 【明日方舟】,286276,742,2023/5/1 21:27,1.1万,3419,3936,1182,小鬼卡比, 45.3万
银河系最懂！白术终于上线？草系盾奶能否成为新天帝！原神3.6新角色如何培养？天赋，数值，圣遗物，武器超详细全面解析米哈游的设计！,272615,2597,2023/5/2 18:05,1.4万,3577,975,662,老懂是我了_DongGaming, 30.9万
【孤星】CW全关卡 摆完挂机 简单好抄（持续更新中）,985540,1166,2023/5/1 23:11,3.9万,3.0万,9082,762,萧然Q, 68.6万
