标题,总播放量,积累弹幕,时间,点赞,投币,收藏,转发,作者,简介
小潮team擂台赛,690050,8688,2023-05-17 12:00:00,129414,67732,21307,2376,小潮院长,微博@小潮院长哈哈哈 商务合作请联系QQ2284771898
不要你离开，手铐戴起来,50600,285,2023-05-17 10:05:00,8092,1930,837,441,白勺啊达,开放翻唱/跳/剧情二创
【何同学】为了找到流量密码，我们做了个假B站...,2565777,10226,2023-05-16 19:30:00,294505,164846,54515,13734,老师好我叫何同学,喜欢做贼有意思的视频 工作联系：xhaxx1123@163.com
【MARiA】今天的《花海》你们喜欢吗？很高兴和老龚合作！,5609112,19984,2023-05-13 15:49:02,616687,525082,185224,91700,GARNiDELiA,日本音乐组合GARNiDELiA官方B站账号。官方微博＠GARNiDELiA @MARiA_GARNiDELiA 
挖呀挖呀挖！！！,1297543,249,2023-05-12 18:26:25,100722,5701,20379,18602,奶盖和九爷,多名up主参与
漫画胸能不能走出现实啊？？？？,952347,5590,2023-05-16 18:17:44,65956,24638,14535,4689,鹦鹉梨,多名up主参与
9.4！超越《隐秘的角落》！它为何能引发集体共鸣？全集解读《漫长的季节》,5925614,82240,2023-05-12 10:15:00,683680,764328,287848,84583,木鱼水心,公众号：木鱼水心 影评某种程度上
献给王者荣耀玩家的DOTA2教学【嫦娥&美杜莎】,96643,1120,2023-05-17 12:00:00,10392,6720,1039,334,就是锐Ray,15年刀龄 12年lol龄 6年王者玩家
科目三：你 的 名 字,2680067,1716,2023-05-11 07:00:00,202179,81775,53216,79471,-磨树狮-,随缘更新
【极乐净土】练家子版！近战型二次元前来报道...,1505713,1451,2023-05-11 11:00:00,121211,21417,19715,4457,-小D-biu,喜欢跳舞  也喜欢拍视频  希望能给大家带来快乐哦~~
中 国 功 夫,221720,857,2023-05-17 10:00:00,24794,19954,3562,838,含亮老师,出生武术世家
“人生是旷野，而非轨道”,423723,251,2023-05-14 12:41:55,34190,8909,22555,1982,5ocool,既然来了 那就别走啦
纯 爱 战 神,1494618,1250,2023-05-11 11:26:16,112320,6634,17090,11612,天天吃八碗,你吃几碗？ks：吃吃吃八碗
周董封神之作！《七里香》宿舍姐妹甜美翻唱！,120140,315,2023-05-17 12:00:00,12588,5255,2101,525,浅影阿_,等等我
作为一名大社恐在操场上跳青海摇实在是泰酷辣！,352636,219,2023-05-13 22:03:31,47570,2424,8642,1175,怎么这样的呐,多名up主参与
【王国之泪】离大谱！2分钟教你简单批量复制武器，盾牌和弓，成功率90%以上（最新1.1版本）,32735,77,2023-05-17 12:38:48,2186,955,2266,434,短发塞尔达,将更新王国之泪全流程解说系列+攻略系列
我中一百万美元了？！！,3332468,3400,2023-05-13 11:50:00,189375,58723,51701,989,贤宝宝Baby,小号：幸运男孩贤宝宝  合作邮箱:2411507205@qq.com
一个战斗的馒头,178217,180,2023-05-16 21:06:30,23705,3289,1532,196,何同学工作室,多名up主参与
外卖400元麻婆豆腐和4元麻婆豆腐，究竟有什么区别？【外卖对决】,513735,3255,2023-05-16 17:10:00,40659,6665,1767,418,穿毛裤的小拉泽,多名up主参与
网传“老头乐”全面被禁是真的吗？展开说说！,214911,1446,2023-05-17 11:06:25,23960,726,782,374,央视农业,可能是中国功率最大的村广播站吧
第一次见洞主就教他跳舞，我怎么样？啊？我牛不牛？,181062,1487,2023-05-17 12:13:37,9245,5224,1104,520,610是蛋宝,商务v：Buuule-  某博：@蛋宝睡不醒OuO @小蛋快跑o  某音：@610是蛋宝
“海边，快乐假期，和可爱的老婆！”,175868,1228,2023-05-17 12:00:00,16349,10359,2195,1069,三宋在这,多名up主参与
韩国地产要炸了,2572022,13185,2023-05-13 18:00:19,151310,44750,21426,18521,不嘚瑟都掉毛,多名up主参与
不 用 下 载 ，点 🐔 即 玩！,1782288,2784,2023-05-12 17:55:00,196487,113366,54432,53442,PolyGon-,全民制作人
曾经血洗b站日语神级现场TOP20，全程高能，二次元浓度爆表！！！,1393604,14142,2023-05-13 21:20:28,108952,69376,66119,8468,蚕豆音乐娘,音乐推荐up主
淄博老板给网红下跪，鸭头小哥被网暴关店: 这3大群体，在逼淄博人下跪！【洞察社会系列93】,2183191,13421,2023-05-12 17:17:22,255275,159738,44964,12024,王小七Fire,在汹涌的浪潮中记录时代。商务vx：sbsypyz；公众号：世界灯火君
兄弟们，我去看丈母娘了,1178823,3350,2023-05-16 16:51:15,89753,39947,5225,1907,爱画画的子衿,多名up主参与
舞动着乘风起✨极乐净土✨中日双语演绎神曲,35625,197,2023-05-17 12:05:00,6235,1808,788,95,眞白花音_Official,这里是真白花音
【1200部动漫】这短短的五百九十四分钟究竟是B站多少人的青春？,231587,2078,2023-05-14 22:01:05,31305,25874,20415,2739,不吃鱼的小小猫咪,喜欢做MAD哦！！！动漫狂热爱好者！！！不吃鱼的猫才是最可爱的猫！！！即使我的身体变成一副白骨我仍然会喜欢二次元！！！
用了这些头像，相亲对象都不找我聊天了,318613,125,2023-05-14 20:39:28,46418,530,7295,1920,球球是只猫-,2017年4月捡到的流浪猫
花了30000元，只为找到这颗荔枝！！！,371499,2860,2023-05-17 11:05:00,36338,19442,4061,1777,王师傅和小毛毛,每周三周六中午11点更新！幕后花絮：毛师傅和小王王的日常  微博：@王师傅爱你哟@企鹅的小毛毛  直播间：斗鱼10029
小学生翻跳王心凌《爱你》全网最还原,223893,408,2023-05-15 22:01:54,10946,2958,3650,575,blue缘份,一名热爱唱歌跳舞的音乐老师
过来给你二妈请个早安,363320,250,2023-05-13 18:48:17,59613,994,12335,990,蛇儿猪,全网都叫蛇尾巴猪
这货以前真是卖鱼的？,970748,335,2023-05-13 16:30:46,52853,2025,17011,325,小銘同学呢,剪剪自己喜欢的
容貌焦虑，就是用来打破的！,448537,153,2023-05-16 17:00:00,44781,3439,3915,340,樱井绿子-,多名up主参与
我 推 的 枪 子,427123,99,2023-05-10 17:14:38,47903,613,2000,302,枪弹轨迹,兴趣使然！商务合作私信或QQ573741360 粉丝群760230904
有朋自远方来，不亦乐乎,416908,352,2023-05-11 19:31:03,67291,12615,3125,677,涂艺爱运动,多名up主参与
多声线「强风大背头」但是风太大啦啊啊啊逐渐崩溃！！！,71047,911,2023-05-17 12:00:00,12290,10875,3926,1327,乃琳Queen,喜欢听你说
⚡️纯 牛 b⚡️,417098,292,2023-05-14 19:26:19,49062,3605,11027,1931,打不倒の西撒,鬼畜爱好者  喜欢acg文化
"看好了，这才叫压迫感""",165752,636,2023-05-16 11:12:41,11328,5720,2747,135,二代二代,小群：792677521 商业合作联系vx 2683704449 承接PV、手书、混剪、鬼畜
绝地求生最高击杀记录！！！【C4快乐阴人流#41】,181067,1277,2023-05-17 12:00:00,27305,14528,3057,1236,鲁大能,商务请加Q：2324554852丨围脖:鲁大能万丈光芒丨
义乌世家，全款拿下,1233753,541,2023-05-14 15:50:18,176694,6872,4439,1911,王七叶-,小淘气们
华农兄弟：这“家伙”噪着我睡觉，这样下去不行的，捉去河边烤了,337986,3570,2023-05-17 11:30:00,29082,5588,1222,283,华农兄弟,实拍农村美食美景
优质伴侣是可以陪你一起做他人无法理解的事情的,1321449,1211,2023-05-13 12:09:42,377937,25124,97639,9178,要长艺术细胞了,远方未必不苟且
日漫里的兄妹,1453889,738,2023-05-12 12:57:10,204375,7343,14713,10710,四夕小田木_已黑化_,只有阿B和抖音有号
30秒看完【你好，李焕英】,1725204,275,2023-05-12 17:00:00,198813,11498,26003,2648,觅2,(●&#x27;◡&#x27;●)
7年极乐净土演奏经验…,180575,196,2023-05-11 00:01:05,22434,3878,10000,1190,计算器鬼鲛-蛋仔琴谱,多名up主参与
想看看大家高中的照片，想看看大家热烈的青春。,533092,589,2023-05-16 19:22:43,56074,1798,3971,1446,良田田田,各花各有各花香
《叮叮当当》乘风2023一公演出（Ella陈嘉桦、Chi Pu芝芙、张嘉倪、吴倩）,1691399,4392,2023-05-14 17:24:20,81536,24246,16295,11459,陈嘉桦Ella,
【雪王】极乐净土（翻跳）,846131,1984,2023-05-11 18:43:40,97886,23809,7593,9889,蜜雪冰城官方站,没错
你好 请进来挨亲,366064,91,2023-05-15 19:07:24,71261,1324,8057,10043,猫太太的一生,四猫家庭的日常 软软:卷耳 豆皮:矮脚 小红书/围脖/抖音:豆皮小卷             邮箱:x7_flechazo@yeah.net
建模身材御姐脸～姐姐离我近一点！【耿清清】【竖屏】U-GO-GIRL申宥娜版,142170,161,2023-05-16 19:50:59,10369,1891,7298,206,耿清清呀,会跳舞的长腿拖地姬~以后每周三固定更新~ 关注清清 不会让你失望滴！
以光为开始，以暗为落幕,227088,108,2023-05-13 11:01:43,45156,5293,6313,1509,-迷人的你-,多名up主参与
艾希？不，是爱（莉）希（雅）,76817,82,2023-05-16 23:19:08,17122,2152,6287,529,秋琛_i,多名up主参与
首先声明一下，这不是炫耀，我也没进去,1490806,862,2023-05-10 22:23:15,176374,6480,2603,283,疆域阿力木,多名up主参与
我感觉打不过啊,702200,199,2023-05-11 21:32:41,64016,1502,9631,2486,成都漫小鬼,多名up主参与
致国产剧：这才是普通年轻人的生活状态【飘飘】,826341,1260,2023-05-12 18:35:00,36009,10615,8938,4310,柳飘飘了吗,一个文娱圈观察猿
害怕！上夜班竟然遇到猛鬼回魂？,157964,3900,2023-05-17 11:45:00,26237,9108,4444,184,中国BOY超级大猩猩,新浪 @中国BOY-Hans
成都烧烤为什么那么贵？我接手个烧烤店深扒给你看！,1988877,2987,2023-05-12 13:39:25,198216,69649,11854,3884,敬汉卿, 商务合作联系1905387728@qq.com
女朋友是如何阻止小猫进屋的,1486292,62,2023-05-14 14:34:31,102195,825,9646,6195,薄荷猫猫甜不甜,多名up主参与
以前年轻人玩游戏 VS 现在年轻人玩游戏,261866,727,2023-05-16 18:46:59,24677,3663,2297,569,进击的金厂长,B站第一带慈善家
如果在澳门赌场赢了900万，突然收手不玩了，后果会怎样？,496789,767,2023-05-15 12:05:00,14332,2407,860,167,粗犷毛线君,合作加vx:qqlovetwo   聊天群:166184566   欢迎投稿 邮箱：2350338052@qq.com
本科下车间，实习2年半，月薪4000左？？！！,1139757,1572,2023-05-11 18:54:29,124789,9273,8605,3132,阿汪正传,一个基础很差的
今天又是充满魅力的一天哦☆〜（ゝ。∂）,1117254,730,2023-05-14 20:21:24,84735,1883,5713,4976,紫菜蛋花兔兔,本人长得像塔姆 美颜相机拉满 很壮 能跟詹姆斯篮下单打
每个人都真的有在为生活和亲人而努力闪闪发光呢！小女孩眼里的光是藏不住的#在平凡日子里热爱生活 #生活就这么简单,596995,272,2023-05-11 21:07:45,88238,11646,7643,1150,一块牛肉2,记录美好生活！路边摊满级选手～合：yknr2000
【你好方】TWICE - Go Hard 拜托 氛围感直接拉满！,153111,43,2023-05-10 18:56:34,37022,2156,5347,895,Afon你好方,课程咨询 商务合作:Afon973 
他们认为人可以随意地组建一个家庭,91961,70,2023-05-16 20:26:07,14153,2076,3894,259,芜菁F-,插画师
探秘法国凡尔赛宫！流传了300年的法国宫廷菜到底什么味道,1556978,12032,2023-05-13 18:00:00,201039,92187,26466,6536,HOLA小测佬,多名up主参与
【游戏众生相】传奇玩家：自证不朽的黑白人生,1010160,6909,2023-05-10 21:56:29,116622,94012,40985,13243,尚在天国EX,I will try my 120%!     商务vx：cyr3523378
【洗脑循环】甘露寺蜜璃来给你洗脑啦~恋柱真是太可爱啦！！！,458039,172,2023-05-11 11:50:00,72862,11427,20727,2729,柚卡yk,˙△˙主更原神、二次元鬼畜
《乘风2023》：骚操作接连不断，打分排名匪夷所思！,445824,4124,2023-05-16 12:05:00,18718,1010,1031,273,老邪说电影,【商务合作】wx:L13311286278
中国悠悠球历史上第一位双冠王 王宇翔 亚洲赛2019ap比赛视频和亚洲冠军只差0.1分 勇夺亚洲第二 国之光,850701,1087,2023-05-12 20:36:56,102190,7700,9229,3901,YOYO小翔,"Hi l am from united states,中国悠悠球双冠 接商演合作可以私信 "
【MIKU EXPO 2023 VR】imaginary love story by Synthion feat. 初音未来【MV】,31423,124,2023-05-17 10:00:00,9333,3316,3399,503,初音未来_Crypton,本账号由Crypton Future Media所运营
86岁爷爷挑战粉丝私信day13,301220,67,2023-05-14 12:08:07,39107,766,3696,938,康康和爷爷,全网最潮30后爷爷
饲养下北泽野槌蛇#3,134538,326,2023-05-17 09:28:40,16127,8749,4493,1160,一只拽白虎,大学生新人up
琳芽之旅不惧谢娜龙拳！爆笑解说《乘风2023》浪姐4第2期,500668,4492,2023-05-16 18:24:34,22709,1937,1521,529,开心嘴炮,商务vx请加：woslik
【王国之泪】弱智吧吧主竞选视频,99094,470,2023-05-16 19:04:25,10587,1672,683,243,我床哪去了,【微博:我床哪去了】快来打游戏
苍蝇头对不起可是妈妈真的很喜欢,382038,41,2023-05-14 11:37:57,21872,2596,870,144,假顽,
新手必看！硬件去哪买第1期-电商平台篇！基础防坑攻略。,53129,444,2023-05-17 11:30:16,6431,4498,1341,178,天才赵德柱,科技区最爱整活儿的
我就说吧 女王心里也住着一个小彩虹,813110,204,2023-05-12 10:37:16,110107,1834,11859,2172,白昼小熊,多名up主参与
父爱如山倒,1243057,288,2023-05-14 17:04:29,180425,29031,7136,3844,矮油王老六,多名up主参与
《点击查询「王国之泪」开荒双人组的精神状态》,74538,251,2023-05-17 12:00:00,8890,4057,1577,712,嘉然今天吃什么,这里是嘉然！别看我小小的
千万不要轻易让老婆开车！吓死人了…,232652,123,2023-05-16 18:47:21,18705,525,556,331,托马斯家的,乐观女孩和沙雕男友的日常  微博：@穆恩酱_
这条点赞有点高 必须给我小破站的宝子们看看,1149655,342,2023-05-15 20:33:26,79584,1290,6990,1139,千雅折一湖Official,多名up主参与
当小气男碰见女友的前任,888064,2113,2023-05-16 10:28:37,80402,7800,2726,1545,真子日记,神反转王者级别神仙美少女！合作+wyls0662
刚一入口就后悔了,403958,1813,2023-05-16 20:25:00,46233,5203,1621,1359,世界美食official,平时解解说
【罗翔】80%的人认为真理在少数人手中，如何理解评论中讲到的逻辑悖论？,815562,2491,2023-05-16 12:00:00,81026,13115,8148,1684,罗翔说刑法,厚大法考刑法独家授课老师
千万不要猫狗同养！？,875596,101,2023-05-12 19:33:27,60618,724,10596,2169,金不拉毛抱抱,多名up主参与
日本邪术召唤中国古神，最终决战，开打！经典网剧《灵魂摆渡》第二十六回《泰山府君祭》,813330,5279,2023-05-15 18:37:58,90383,31150,6792,712,小片片说大片,片片陪你看电影
人民子弟兵不容冒犯！,201078,466,2023-05-16 15:54:13,63899,7891,1877,284,人民网,报道全球 传播中国
星穹铁道最浪漫的支线，没有之一！！！,1725382,3037,2023-05-14 11:40:24,229508,142839,117680,35420,哦漏QAQ,各方面都是老年人了……
宅男的日常,285941,554,2023-05-14 19:16:33,36969,1912,4346,536,在店长家避雨,多名up主参与
飞碟社，京阿尼！这些日本动画公司的外号你都知道吗,912721,3792,2023-05-12 18:30:00,139900,10915,59070,1834,ACG中二君,关注我
救命！她一举一动都好动漫感！终于理解网友说浪姐来了个女儿！,970471,263,2023-05-12 22:20:55,55868,1782,6869,2042,六斤柠檬,多名up主参与
朋友问我塞尔达怎么还没通关,1007666,611,2023-05-12 01:34:09,108099,55335,41484,14823,鱼丸公公,做动画哪有不疯的？哈哈！
你是！锦木千束！,143304,50,2023-05-16 23:03:48,8642,1318,3447,4292,丧心病狂的魔笑,叔叔阿姨别限流了
七年磨一剑！它会引领未来拍摄的新形态吗？DJI Inspire 3评测,413671,4205,2023-05-17 00:19:52,47113,27907,9112,4111,影视飓风,无限进步！微博@影视飓风MediaStorm｜商务合作请联系WX：ysjfBD（添加麻烦备注公司、咨询内容）
她们来了!她们终於来了!!!(G)I-DLE的Killing Voice!!,67493,607,2023-05-17 09:19:34,7449,3067,2352,570,Dingo_official,"딩고 뮤직 / 韩国艺人最想合作的频道 dingo music官方账号 製作委託,合作 歡迎私信"
我的小狗好有礼貌啊……每次进房间都要等我点头……,660141,187,2023-05-14 10:37:34,118246,2085,21737,8120,我是宝子呀_,大家好
雪 裤 大 战,955602,715,2023-05-12 17:00:00,47943,1404,3612,2829,卑鄙的南瓜骨头,万物皆可答题~~ / 商务合作微信：13894309529 QQ：577355963
"【特效向】""悟空""你的活儿为师一个人包了",1205710,1648,2023-05-14 07:55:00,51902,12457,14947,11175,大聪明一羞,合作v18720180031
道 爷 我 悟 了 ！,1167775,770,2023-05-15 10:05:00,85268,20718,15255,5886,喵与茶,修猫修狗修理不开心！聊天群q104971215/合作vx:Bilicatea
主打一个好心态,1849207,478,2023-05-14 10:58:03,217319,7141,24564,13916,湖南共青团,湖南共青团官方账号
漫 展 仙 女 跳,862754,260,2023-05-11 09:00:00,50036,1677,13068,1475,野生鱼白,是你们的美少女鱼白哟～
这辈子没这么崩溃过！！！,2160212,5992,2023-05-14 17:00:00,179879,66058,14768,26235,黑猫厨房,日常小号：@家有猴师傅 地瓜猫3营Q群：639677033 围脖@黑猫厨房  合作请私信
外国摆摊卖煎饼果子，目标月入十万！说今日爆赚，过分不？,1508639,2814,2023-05-12 19:41:39,110768,40370,7562,794,Hey_Tobi,我是Tobi
【王国之泪】死档了。弱智吧吧主竞选视频3,1457420,772,2023-05-14 09:00:00,62507,7866,11251,46865,zekaio,
在妈妈面前，我们永远都是小孩子,267221,65,2023-05-13 21:21:43,33548,4642,5263,1783,肥肥鲨的日常,多名up主参与
母亲节，陪我妈玩cos,904017,371,2023-05-14 19:49:27,147010,8256,16039,2715,清和Alicia,多名up主参与
这几个字就是不能被冒犯！,267454,635,2023-05-16 09:56:00,43928,4547,1519,520,浙江共青团,哇哦~恭喜你捉到一只宝藏团子！(〃&#x27;▽&#x27;〃) 投稿合作请联系gqtzjsw@126.com
第一次带传统爸妈，吃美国人的三餐！ 能习惯吗？,1669657,8988,2023-05-14 16:30:00,170423,48936,13133,1980,Meetfood觅食,海外美食测评
“可是雪啊，欺骗双眼”,857396,370,2023-05-11 16:13:00,69142,10526,18520,4554,秋名山上的486,24岁
别眨眼！十秒带你穿越2000-2009！Journey through the DECADE！,382222,96,2023-05-13 10:03:17,50954,3433,6762,2457,杜邦先生,我已經無癟不吃啦！不玩音乐的穿搭模特不是好摄影师！dy @杜邦先生 wb @-杜邦先生
""" 你 不 是 三 叶 吧 ？""  [ 君の名字 ]",129574,113,2023-05-13 01:06:57,27049,3592,6622,337,吴-葡萄,人称清空区up   日常上传动漫剪辑~喜欢的可以关注我~ 有意见私聊up
这才是正确让男朋友放下游戏的方式～,442958,59,2023-05-14 18:01:22,45150,925,6113,7275,萨摩半半的一家,家有四宝
只有确定探店合作，餐厅才能给够？不行的！今天咱们来一波反向探店！给老板上一课！,2079743,3299,2023-05-10 19:18:48,177578,13919,5961,5841,superB太,多名up主参与
没有汪淼的纳米材料，林克怎么可能造得出太空电梯,1481789,1942,2023-05-13 16:36:36,91976,36268,13681,21732,乔治社署,成分究极复杂
null,null,null,null,null,null,null,null,null,多名up主参与
全程高能！红孩儿的前世今生，这魔童究竟哪门哪派？,1176246,11234,2023-05-14 09:00:00,98174,92110,22712,3245,啊粥粥啊粥,真理的反面
挪威的坤坤,1838146,1657,2023-05-14 02:24:11,124876,70077,32237,31172,祭余申的号,
决战美食之巅！鸡汤VS九转大肠！,1272137,2942,2023-05-13 11:00:00,110720,21445,27569,6489,毒影子,"卡其脱离太up,整活区咸鱼"
⚡量 子 微 酸⚡,1022707,314,2023-05-11 11:51:12,69777,8386,10855,1282,深海色带鱼,一个梦想成为rapper的鬼畜up主！商务合作请私信
学生为什么越来越沉默？,1740621,4573,2023-05-15 11:10:24,158980,48398,21063,11385,Zhan丨,
中国男子用树枝做千万特效角色,1080784,682,2023-05-15 09:59:10,134147,46615,9822,1269,郑太阳Sun,
日本女友说：这个家到了晚上一定会夺走你的卧槽....,189603,632,2023-05-16 18:00:00,17355,7026,1473,128,kei和marin,上海人和日本关西人 油管微博: kei和marin　商业合作VX: keimarin369
当你早自习偷偷在后面吃早饭。。。,316310,134,2023-05-12 08:15:17,28863,1596,6505,2093,让面包再次伟大,什么都剪
【聚光x福瑞】快进来rua安可！,140405,527,2023-05-16 11:00:41,33449,7119,16014,4580,平安银行信用卡,平安银行信用卡驻B站办事处
小短腿妈妈低头以为不带上她的那个表情，看了让人心疼，愿好人一生平安,241430,286,2023-05-13 23:17:23,29592,23548,1891,298,绵阳流浪狗志愿者,不知道我顶不顶的住了
给喜欢扣6的前任写了首歌,914942,1706,2023-05-13 20:56:08,80282,23173,26449,11804,SuperA_,商务+V:Sengl1990
【扁豆】真敢拍啊！中国唯一一部讽刺过年的电影《过年》,857907,4430,2023-05-12 20:22:11,28403,6983,8971,2323,扁豆看电影, 剧集解说-尽在扁豆微信公号：bdcmovie  扁豆看剧  合作：QQ34359358
棉 花 往 事,449943,158,2023-05-12 23:37:22,31304,4332,6457,3668,小猪P_,爱打mai的鬼畜Up主 / 商务合作请私信（自营MCN）/ 头像by巨大化羊驼
今天拿出圣宴款待我的朋友,1379439,3006,2023-05-15 17:22:55,159843,13079,9200,4792,张圣叹Yo,致力于品尝各界美食
《烧 烤 三 烫 客》,1151146,5563,2023-05-15 16:04:46,110799,54165,10985,1939,盗月社食遇记,心里有光
宝蓝：天天排这b草人 晦气 ！,527784,1164,2023-05-16 18:46:39,58242,35178,4292,290,阿泽u稻草人,多名up主参与
“ 头回当娃，妈您凑合下 ”,764459,854,2023-05-14 13:30:39,78092,7538,8853,3246,我们都是社畜,用野生故事治愈致郁的我们。
【IGN】电影《玩具熊的五夜后宫》先导预告,193245,124,2023-05-17 09:42:00,8262,821,2586,9951,IGN中国,玩游戏也就图一乐
中国风动画里程碑，却是一部外国片，它伤害了国漫的自尊,1219823,958,2023-05-10 21:17:49,19039,1415,28205,79,光影萌客,电影 | 幕后 | 温度 | 内涵
龚琳娜美依礼芽日语唱花海 |乘风2023,6284806,23246,2023-05-13 13:58:13,670338,579777,197715,123457,龚琳娜,龚琳娜老师在B站的小马甲 商务合作：微信gongluo2
人气翻盘一骑绝尘，现场遭遇迷之打分？,1386778,5525,2023-05-14 17:19:53,126647,30358,10379,3126,三代鹿人,合作请联系Q: 3614483160 / 祖上三代
《龙拳》领先遭群嘲？技术分析为啥谢娜组胜出被称黑幕？赢得真冤,362575,6461,2023-05-15 18:00:00,22453,3492,1672,538,东郭老贼,本名郭昱麟
科技和狠话！抗日神剧主角把体温降到0℃打鬼子？离谱！,1044875,9547,2023-05-16 17:13:29,58228,9625,4161,4291,文西与阿漆,商务合作WX: 13311286278
真不喝可乐了。,829672,756,2023-05-16 19:00:58,71067,2606,3940,3007,碎嘴企鹅,保持真诚。 商务合作v：penguin520218
星铁景元这把武器太酷啦！我当场手搓出一把！,512113,2138,2023-05-16 19:40:00,81963,40955,11936,5183,才疏学浅的才浅,关注才浅带你做点好玩的。商务合作请加:wgz1616766
“明追流火，暗淌星泪”,288827,264,2023-05-14 09:57:29,63249,1905,19752,3751,句号今天吃什么,Witness me.
五天连爬五座山.今天第四座！,920697,390,2023-05-16 20:55:15,100166,8137,1877,978,旺仔有内涵,商务：hailuo0617
醉掉,268042,132,2023-05-16 20:31:38,32453,595,1533,1925,田花花,多名up主参与
苦等163年，吉林重获海参崴出海口！这一天等的太久,453807,612,2023-05-16 18:05:00,16677,1228,1979,789,树根龙门阵,凝聚社会共识
《乘风2023》一公舞台《叮叮当当》，我们来啦！,407319,554,2023-05-15 15:44:38,19493,3394,1999,1111,演员张嘉倪,
塞拉斯：抱意思，第一次用这个大招,994561,206,2023-05-12 16:47:55,53400,1026,2061,2968,达芬奇-提莫,记录游戏中的快乐时光
一个嘶哑的声音，捍卫中国演艺界的尊严！【列传·李雪健】,452972,4328,2023-05-12 19:00:00,45307,36939,15096,1329,猛士团_,在故事里
船长：《屋 顶 难 度 ？》,394063,317,2023-05-11 19:00:00,20797,867,777,424,浪小逸Stark,火男裙：617325624（符文、出装、投稿）
人大教授：最全指南！识别官员级别有哪六条原则？,1471015,4877,2023-05-13 12:00:00,69653,28724,69564,10691,聂辉华教授,中国人民大学经济学院教授、哈佛大学经济学博士后。商务合作：何先生 13426007129(起飞投放勿扰)
【间谍过家家/MEME】哇库哇库，开炫！😋,426816,290,2023-05-15 18:37:48,77592,5994,26394,4215,CoCo都可官方,点亮生活每一刻 · 为你都可
新警的第一次,801275,141,2023-05-14 17:52:48,67264,595,4802,510,广州禁毒,广州市禁毒委员会办公室官方账号
旗袍美人 ·见之不忘 思之如狂【4K 竖屏】,128400,91,2023-05-16 16:32:08,12143,2944,8428,222,紫颜-小仙紫,目标是让国风舞蹈更加发光发亮！北京舞蹈学院  跳舞是一辈子的事 【谦虚 自律 勤勉】商务合作请私信. 新群滴滴：108-2599-187～
【星穹铁道丨青雀】“自己的牌，想胡就糊”,1401228,335,2023-05-13 11:18:12,177335,42034,48032,15728,司墨尧smile,有趣的女人
【aespa】我们超越极限☄️,873638,1829,2023-05-11 20:03:00,66420,18474,13662,2763,aespa,
如何练习三头,225306,145,2023-05-14 11:52:37,25283,2965,9913,746,维亚德,多名up主参与
当你总认为陌生人不会再见时,641215,68,2023-05-12 22:22:49,87673,2570,8325,847,大黑口,多名up主参与
背负母亲之名，我绝不能输!,652789,2405,2023-05-13 20:56:44,78467,57609,16889,8273,狂三-三三,接火影段位
“可是雪啊，下的那么认真”,522301,307,2023-05-15 09:00:15,31254,8037,5453,6852,夜雨星繁y,R＆B/全明星/动漫鬼畜调音  781785130（聊天催更群）   作品不开放转载
坏消息：鬼有电锯。好消息：我有枪,2438231,6335,2023-05-13 12:00:00,273535,60075,45313,6571,老番茄,新浪微博：_老番茄_
一直想给孩子们加餐 因为在山里没车采购不方便今天特^意坐车去县城买到了孩子们爱吃的大鸡腿 看见他们吃的那么香 真的感觉一切都是值得的 孩子们懂事的让人心疼,332214,252,2023-05-16 10:53:49,32475,27366,1705,101,媛媛老师77,多名up主参与
模仿一下，如果把各种舞蹈表情夸张化！为了模仿最后一个，我也铺垫太久了吧哈哈哈哈,1148545,1272,2023-05-13 19:51:25,120392,5133,4088,1150,李如儒也是李蠕蠕,做人呢 最重要的就是开心了！
一个窝囊男人的告白,711386,1182,2023-05-15 19:59:14,129703,58449,11014,1541,为了玲飞护肤纪录片,玲飞是我妈
“对他使用蓄意轰拳吧”,437073,367,2023-05-15 22:09:52,26016,5535,1640,690,风彩丶,峡谷王者
百变星君 价值两亿的才华,379026,516,2023-05-14 21:05:00,13420,623,1015,67,不凉的考古,纯个人
《雪Distance》BBOX+吉他,838914,1261,2023-05-14 20:00:00,66996,32000,11644,4988,BBoxer酋长,工作微信IBBOXER（广告告/合作作/买琴琴/上课课）备注注人家才能知道你到底要怎样了啦！
庆祝10周年！人人可免费领《地铁最后的曙光》完全版！经典3A，地铁系列！不要错过！,341482,332,2023-05-17 09:17:39,11935,1574,9655,7958,STEAM特惠资讯,三连加关注
E宝，你是故意的还是不小心？,293051,396,2023-05-16 20:54:26,21934,5207,1075,1783,Epic游戏商城,可以不玩
当你还在为自己的一点点成绩沾沾自喜时,448747,156,2023-05-16 21:10:53,44681,1385,597,318,黑旗团队,巅峰？ 那只是开始  商:heiqituandui
我竟然和这么多歌神合唱了？,104790,400,2023-05-17 12:00:00,8528,3194,1208,201,咻咻满,多名up主参与
【新四大天王】决战紫禁之巅,329297,381,2023-05-13 17:02:10,23994,3750,2896,2531,三木刃,要加油呀  商务合作联系QQ：297280726  
越战老兵沦为流浪汉，被警察逼入深山，一人对抗几百人,528512,1667,2023-05-11 10:10:28,50925,966,6071,138,摩斯神探,多名up主参与
现实版灌篮高手！县中学篮球队全国夺冠,550219,194,2023-05-16 16:05:07,45176,2226,2023,2781,人民日报,参与、沟通、记录时代。
黄金不比王者操作差？实践才是检验真理的唯一方法,1106684,658,2023-05-15 21:56:52,87858,1856,6335,1175,Feice660,多名up主参与
这种严丝合缝的加工件，是如何切割出来的？,424160,182,2023-05-16 14:32:55,22194,578,1124,87,李论科学,一粒心怀宇宙的尘埃
“这条小鱼在乎”刷屏！网友泪目：我就是其中一条……,431708,126,2023-05-16 17:07:34,48313,2873,2419,590,共青团中央,你好呀！这里皮皮团
每吃一口都觉得血赚的怀石料理,656158,605,2023-05-15 19:38:07,69803,1207,5164,1579,玲子reiko-,多名up主参与
男人减速带之游戏武器现实版16,1653734,1369,2023-05-13 11:00:00,121834,2851,16520,1532,机械瑞克,用心做科普
离谱！我60岁老爹居然是个游戏肝帝。,1677767,3036,2023-05-12 18:06:56,175379,48130,19153,3362,史蒂猪StevenPig,商务wx：sdfssfdwx。把心思放在作品上。
各地人无形中的炫富！,1078795,2203,2023-05-16 19:27:40,116472,3354,5065,540,粤知一二,创造粤语新流行！商务合作请添加微信：15014157891
《赛博方丈》豆瓣2.8,241871,697,2023-05-17 11:02:11,20463,5730,2320,2085,神奇的老皮VFX,中二特效
将“北京海洋领导者”捐赠给中山大学，让梦想方舟去承载更多梦想。,312364,471,2023-05-16 19:51:01,22212,12566,1801,606,侣行,《侣行》官方账号
【诺子】真正优秀的无障碍是什么样子？盲人第一视角出行测评广州地铁！,1539545,1694,2023-05-14 13:00:00,161142,41627,13615,4368,诺子喵呜,直播||纸片人||双马猫耳娘||浅蓝||精品咖啡||家有萨摩Yuki和布偶Nono～全盲和肢体障碍请多包涵
没你帅，但女友都是顶流巨星，神仙颜值，“爽文男主”是怎么炼成的？,592366,4282,2023-05-16 20:30:00,31119,2047,3440,1314,努力的Lorre,来感受一个故事吧
情不敢至深 恐大梦一场,289631,223,2023-05-14 09:26:53,41291,4201,10215,5129,酱爆煎饼,多名up主参与
【low君】《护心》：宝宝仙侠剧！体育生遇上二手玫瑰！,206609,2417,2023-05-17 10:30:00,18405,7031,2356,1122,low君热剧,主观主观非常主观！合作请联系：18888178190 
法务部不应该有两个最强，是时候碰一碰了,830493,287,2023-05-16 12:15:13,29133,1463,5271,18143,斋祀saiki,兴趣使然的搬运
杰帕德:钻石壁垒！,519316,100,2023-05-13 02:33:24,37770,1084,6064,6606,星酱爱履邢,多名up主参与
深度|| 史上最著名饭局，鸿门宴上项羽没杀刘邦的真正原因是什么？西楚霸王为何要那样分封天下？,1612697,14748,2023-05-13 11:00:00,125377,90426,34400,4884,渤海小吏,多名up主参与
【沈月】翁小雯结婚 谁哭得最大声,1181649,6477,2023-05-16 14:30:43,165705,114479,30416,42971,沈月本人,
“外国人将这种草称作‘中国草’，还有人称它为‘人类命运共同体草’”,200509,152,2023-05-11 16:15:27,27129,1872,2157,179,吾纪录,天下兴亡
农村赶大集！2元一顿饭！各种捡便宜！爽得起飞！咸甜烧饵块太好吃了！,152206,965,2023-05-16 17:00:57,13060,3190,896,428,花二Strange,多名up主参与
当猫咪遇到小黄鸭,379035,397,2023-05-12 23:25:43,9634,627,3218,4800,悟空空YouTu,
喜 怒 无 常,413113,465,2023-05-14 16:27:42,18032,1984,4306,2605,茶咩cc,要天天开心哦～丨群685896567丨商务合作qq：873411793（非本人）
有些时候 old school 很好～,422420,187,2023-05-16 18:57:44,9007,674,614,446,ONLee_Studio,频道争取每周两更
花2300给日本丈母娘买金子，不知道她能喜欢不？,172898,878,2023-05-16 18:02:39,13713,7105,519,75,日本媳妇在山东农村,大家好我是阿雅
“破解”知网查重算法!ChatGPT傻瓜式一键论文降重!,287163,27,2023-05-15 10:43:30,8380,4594,20016,3436,学方言的NoobNoob,机器学习方向在读研二 chatgptbilibili.com站长
开箱巴雷特M82A1！全自动手指能否压制12.7mm重狙？,704623,1041,2023-05-13 10:30:00,85262,2557,12322,4362,JaegerZ999官方账号,北美YouTuber；轻武器爱好者；目前只在B站、油管、IG有官号
吊英语难学的一笔,645208,220,2023-05-12 20:35:27,16878,587,1727,1249,碧天蓝钻,游泳研究所成员。商务合作QQ：1838211936。
破 防 天 花 板,655771,173,2023-05-12 20:19:27,29798,1705,3566,1298,龙大人不喷火,万物皆可做鬼畜
99%的人都读不对！汉字的现代读音！,862988,2630,2023-05-14 18:00:00,59116,769,5097,1036,网不红萌叔Joey,这里是好人家的男孩子！工作请联系邮箱：papitubeaaa@papitube.com
骑行新疆，炎炎烈日下骑行到三十二团，没地方住找了个破房子露营,521465,18321,2023-05-17 00:27:07,51545,34253,4256,1726,徐云流浪中国,踏遍千山人未老
妹妹，你的数学真棒！,1083729,6325,2023-05-14 18:49:57,70461,2563,19267,819,沙雕网友咸叽叽,商务合作VX：hlsdns1418 或邮箱：fengqunshangwu@hivemedia.cn
快快：我妈是捧场王,271024,80,2023-05-14 18:39:39,24809,918,1143,659,快快超爱笑2020,多名up主参与
雷霆之王？日渊之王！！！,497037,160,2023-05-12 18:18:33,27126,664,1571,565,哭泣的喵咪,多名up主参与
毕设,488510,490,2023-05-13 12:42:08,17754,802,1728,1421,天鸟矢,爆炸?
真的是啥都被我遇到了，被夹在竹子中间的小鸟！,1256762,1096,2023-05-14 22:18:01,55052,1772,2057,391,MK的鹦鹉,捡到鸟或鸟蛋不会养可以加W:MK100498
[初音ミク]最⚡终⚡鬼⚡畜⚡初⚡音⚡未⚡来[VOCALOIDカバー][MMD],164149,475,2023-05-14 21:40:47,23490,2236,8297,2172,Lily酱official,我是一个小学生up主
哭了！妈妈竟然把她两闺蜜找来一起演奏《未闻花名》secret base ~君がくれたもの~,1290952,2082,2023-05-12 18:10:00,143374,85866,33991,9789,玩音乐的EZ,商务合作联系QQ730141585
为了主人，天狼星愿意······！,276599,917,2023-05-16 12:00:00,22979,7976,7599,6550,蛮啾网络,这里是manjuu games的啾酱
中国核弹有多厉害？因为这个男人，中国不再惧怕任何国家,509925,638,2023-05-14 19:55:01,24248,2341,2342,261,渡劫失败up主,坚持和耐心
一个巴掌拍不响？那就两个！,605771,85,2023-05-11 17:00:00,40321,1432,1111,631,左左丞相,多名up主参与
“拉 丁 舞，就 得 抡”,414850,1312,2023-05-16 18:00:00,50442,6386,3079,1158,知了解压萌物,分享解压有趣的自然故事
在冷嘲热讽中一路逆袭，这家公司的崛起堪比爽文！【生意07】,763545,5884,2023-05-14 20:10:32,68036,56807,21918,6658,智能路障,多名up主参与
五个气球,276899,79,2023-05-14 12:21:06,15534,2069,3723,8480,鲨鲨Ki,天真最痛快
不装了，其实我才是老板……,284444,1575,2023-05-16 11:00:00,17565,5537,1256,243,极速拍档-Berlin,正事不能耽误玩
别盲目多花钱！2023买手机内存选16GB还是12GB？实测结果告诉你 | 大米评测,255576,993,2023-05-16 17:30:53,12771,2528,1486,374,大米评测,自费购机
【问答环节】演员好就业吗？娱乐圈水深吗？有找我拍戏的吗？下一部拍啥？,547545,1018,2023-05-14 16:05:59,70864,8499,3033,926,陈腾跃,代表作：《全资进组》《传闻中的陈芊芊》《兄台请留步》等。工作邀约：yaoyaol11@126.com
狠 活 弟 弟,484763,257,2023-05-13 11:27:38,36978,3057,5000,1245,快乐阿依,嘿嘿
超人强：6,335055,128,2023-05-14 10:06:53,41013,2426,12165,4496,贱歪,因学业繁忙
我的喜好这辈子也就这样了！！,390762,2521,2023-05-16 18:44:32,40214,10553,4083,1097,聊点什么叭,多名up主参与
【水视频】粉丝预算500块还原斯沃特,356361,184,2023-05-12 20:28:42,23998,591,4354,229,一个屑堡,普通军宅
男性社交礼仪小课堂｜哪些话对女性是冒犯？,229700,381,2023-05-10 19:52:50,37475,3401,2721,1013,我是安揪,冰雪聪明大可爱:) 全网同名
这世界有那么多人，但我会牢牢记住你的脸,895320,259,2023-05-15 16:32:57,80019,6912,10468,1986,新华社,我是稳中带皮皮中有稳稳得一皮的鲜花舍。本社专营各种新闻报道
剑圣：如果是你，你会挂机吗？,697205,701,2023-05-16 15:30:00,29875,535,1125,625,浪灯Wdc,白天都在
王国之泪复制装备和材料有多简单？！轻松完美复制装备和材料【塞尔达王国之泪】,34183,136,2023-05-17 09:03:10,1560,1227,3504,553,赛文吉,做全游戏up主
【崩坏星穹铁道】景元深度测评：光锥伤害对比+停云布洛妮娅对景元的提升幅度计算+配队思路+体力规划思路,406421,1550,2023-05-17 11:00:00,35906,15666,4363,2101,卡特亚,商务联系qq1032730000
又是两只有难度的猫,401801,658,2023-05-16 18:42:29,49453,8744,1709,314,本喵叫兔兔,多名up主参与
津  门  斑  爷 【离谱配音】,760911,360,2023-05-13 15:47:53,74382,5941,19756,3875,瑄羽猫,多名up主参与
《阳光普照》不一样的解读，这部网飞高分台湾省电影到底好在哪？,517666,720,2023-05-15 10:34:25,33967,1340,5604,570,无言卒解说,多名up主参与
把天空搬进房间，这就是理科生的浪漫吗？,352569,422,2023-05-16 20:05:00,20067,12665,9070,3421,皮卡悠,我就是无所不能的工科小姐姐(๑•̀ㅂ•́)و✧
现代科技的基石：电阻的工作原理,356302,400,2023-05-13 18:53:43,13268,2069,9050,379,科普研究所-,知识分享
美食博主的特种兵周末！学烘焙+体验演戏！,207300,1444,2023-05-16 19:05:00,32326,6312,1527,363,神奇海挪,有可能成为厨神的人儿
18年前火爆全世界的【大鱼吃小鱼】，大结局究竟是什么？,1560578,2309,2023-05-12 20:00:00,66411,13776,10740,2436,L另唐, 催更水友2群：qq725054214 商业合作微信fqkf03一个新人up主 更新动画
【刘逸云 Amber Liu】《乘风2023》一公舞台《Problem》,1971735,6908,2023-05-13 17:19:30,134754,59904,29010,22267,刘逸云Amber,
最后一课，他用生命诠释师者之魂......,134555,244,2023-05-12 20:57:08,31099,5015,1736,109,四川共青团,6级萌新
论一只鸡的极致吃法，这个部位最有灵魂……,910062,5392,2023-05-13 18:00:00,76160,70841,19412,5846,食贫道,大开大合  vx:sihechuangyi  
日本商用客机为什么总失败？,266518,1433,2023-05-16 18:00:00,23026,2588,2010,188,肝帝董佳宁,
都什么年代，谁还骑传统白龙马？！！,1758345,3961,2023-05-13 18:00:00,155726,67261,20741,6407,马刀刻森,【宝藏在此】做点有意思的动画    商务联系V：danyouwenhua（注明来意）
破防！和女友重拍我们千万播放的视频…结果喷她一身水？,514586,2499,2023-05-16 17:41:22,45960,10978,2665,1421,盖里老哥,感谢大家支持！每月更新6个视频左右～时间会在每周二或周五左右（特殊情况可能会有一两天浮动！一定会提前预告）！不预告就是不更新哈～
保护好自己,616312,181,2023-05-13 18:02:27,64102,918,5247,1100,奥Zha,多名up主参与
这电动车头盔真的那么结实吗？,371095,499,2023-05-16 17:59:48,31251,2003,640,72,小马哥测评啊,真是测评
【巨石强森】生日快乐,2018870,748,2023-05-15 19:00:00,144664,3260,5512,796,TheRock_Johnson,The official bilibili page for Dwayne &quot;The Rock&quot; Johnson
【超级小桀】海拉鲁点子王来喽,157968,921,2023-05-16 23:22:16,12777,2852,987,571,超级小桀的日常,微博:@超级小桀  商务合作请说明来意
写个Hold zywoo,1040106,691,2023-05-10 19:55:26,36793,1230,2769,4431,冯昊哲,多名up主参与
香菜菲士：调酒师使用香菜冰块无限Shake，调制出香菜的神仙喝法。,956851,402,2023-05-11 18:45:36,58547,565,2939,2837,红斌-调酒的아저씨,V：13313605015 我是bartender 我回来了
在成为懦夫和英雄中，我选择了英雄,460335,2395,2023-05-14 18:32:07,34876,15557,4094,4146,九霄之枫,为世界上所有的美好而战！
突击检查 诺手的大招叫什么?,225212,463,2023-05-16 13:44:21,16379,820,554,291,我是弹纸儿,多名up主参与
什么？不放油只水煮，能做出这东西？,470431,50,2023-05-12 07:00:00,42605,1157,15678,1203,阿宅速食料理,大锅饭队长
听说我喜欢你？,89821,56,2023-05-12 18:20:00,14716,2446,4884,360,白青青white,十六岁不知名up主（休学版）
“再给我两份葱，让我把鲫鱼煎成饼”,811608,484,2023-05-14 20:03:46,30885,10267,8386,19870,潘多拉的饱嗝,守护你最原始的快乐！
66x77 时隔一年半合体｜这么可爱真是抱歉 \(//∇//)\,150419,168,2023-05-16 17:35:00,7252,3341,3700,614,6677日记本,多名up主参与
出去旅游了两天而已，至于骂这么难听吗,907850,443,2023-05-11 19:17:47,55506,860,3315,2876,沈肉肉是个二哈,多名up主参与
好会做梦的宝啊,435853,551,2023-05-15 15:09:52,53255,1041,13658,14403,任性的KIMKILLS,我是你们任性的Po主 Have a nice day   商务vx：18457761712
逐招拆解，硬核解析，叶问最强一战，叶师傅大战泰森！,1363753,1729,2023-05-12 19:36:10,103414,2619,11245,1308,一战成名_功夫,多名up主参与
普通人抄早期女明星的减法妆容！底子不好也能变美很多,583288,377,2023-05-11 16:47:07,29172,3984,27203,1602,梁大件,换头区博主 / 日常实用但又整容级别的美妆干货 / 肤质混干/商务合作请联系vx:19121385592
洗个杯具洗出个问题！,742832,126,2023-05-11 19:08:43,36664,798,1923,171,不刷题的吴姥姥,探究迷人的物理之惑       小助手:rmm135
枪管弯成蛇形为什么还能正常开火？揭秘蛇形枪管的射击原理,421721,368,2023-05-16 08:22:00,22751,1167,1784,389,萌萌战队,探索大千世界的科学奥秘
我 不 学 习,1090162,728,2023-05-16 15:16:55,96276,10351,20326,15548,金渐层烤猪,萌新阿婆做鬼畜
“每年校园歌手大赛都有一个接近神的！”,889787,583,2023-05-12 17:48:37,18841,2531,2080,269,老橘长丶,深度沙雕爱好者
普通话最后一题,546502,877,2023-05-13 18:00:00,44558,3045,7633,12597,小李和阳阳,多名up主参与
啊？,664902,984,2023-05-10 20:41:34,51482,677,1912,644,_番茄多_,多名up主参与
“一不小心掉进夏天的颜色里”,383410,445,2023-05-11 09:00:00,40449,2631,16958,4771,Transqa风景,多名up主参与
20秒可以干些什么【成分复杂】,297920,521,2023-05-12 17:41:57,21967,1903,3424,1337,余楚Mia,
拯救人类的居然是病毒？《虐杀原形》的故事剧情讲述了什么！,364786,1305,2023-05-16 13:00:27,13569,4992,2497,180,王洛同学,多名up主参与
“还得是咱们老祖宗的医术”,333473,597,2023-05-10 17:34:17,26632,1672,4118,5101,小团雀原神,ooc预警  每晚八点直播 一般都是烂活 团雀粉丝群170778792  直播群821046694 合作直接私信
家人们，其实真正变态的视频是发不出来的,1145423,1313,2023-05-14 11:24:49,131199,2913,4195,3630,团宠酸奶妹,狸花串美短折耳卷
长沙.笨萝卜 厨子探店¥217,488033,527,2023-05-16 11:30:00,30746,646,965,2247,真探唐仁杰,80后北京人 学的川菜干的粤菜 原喜来登西餐厨师长 正儿八经探店的厨子 商务V：zhentan2022
全场纯享｜ 耐高总决赛 回浦中学74-73清华附中,403526,3060,2023-05-15 02:30:37,13032,4222,7025,6047,中国篮球,中国篮球很精彩！欢迎下载“中国篮球”APP!
猎杀哥这操作把我整懵了，无论是枪法还是身法，最后一波甲都不用打.,367079,345,2023-05-14 09:20:27,20302,1024,3314,4261,琳单机游戏,dou yin 搜索 &quot;琳~&quot; 观看更多游戏视频 分享游戏日常/游戏风景/只狼攻略
全民奋斗近半个世纪，我们的生活变化有多大？【激荡·番外篇】,462300,3263,2023-05-15 21:33:37,23347,8213,5769,1441,大象放映室,故事、知识、人文精神。 商务合作WeChat：kuakuaxiang 
【(G)I-DLE】[M/V] - ‘Queencard’,1653454,18583,2023-05-15 17:34:38,111689,60589,41379,23130,GIDLE_official,女子偶像组合(G)I-DLE
盲目跟风？歧视安卓？为啥女生都喜欢用苹果手机,428977,4637,2023-05-13 11:00:00,14569,3175,2987,1220,硬件侠,这里是一会软一会硬的硬件侠
长恨歌·白居易 AI爱莉希雅,236920,81,2023-05-15 20:25:57,19468,2791,10572,1660,咕不嘟,失败贯彻始终
【星穹铁道】我看你像丰饶孽物👊,426927,219,2023-05-16 12:30:00,46841,3770,8400,1969,热馊馊,爱好业余自制动画
一人一句话，祝卡库生日快乐吧～,360224,1521,2023-05-15 23:06:36,39557,12257,2301,1214,大连小王爱踢球,多名up主参与
【基德】加纳国家崩溃报告：天降痿人,2849997,8628,2023-05-12 22:55:53,151108,25867,25081,4610,吟游诗人基德,游走在乡间小路上
卧底执行任务，关键时候竟然出卖警察？,1397809,932,2023-05-15 18:30:00,127675,4820,8493,566,魔法公园Glamorland,高级教学在这里→关注公众号：魔法公园 客服地球号→：Glamorland 一个让你好好学魔术的地方
不得不承认，开了窍的男人确实很迷人！陌生人，路还很长，愿你我都安好！,272246,1290,2023-05-13 14:32:14,9623,6156,10047,1352,小黄鸭丢了,
人生第一次和帅哥拍照，这就是心动感觉吗！,1861481,14288,2023-05-13 17:34:58,146736,30274,11498,8620,拉宏桑,其他各平台同名@拉宏桑 我亲爱的朋友们
不会只有我妈会这样吧,1264866,2657,2023-05-14 17:10:21,151207,20339,12692,3666,叫我死盖就好,低俗
扫描仪,327087,152,2023-05-14 21:52:02,29067,789,3803,1274,王岳刚,身体康复近期开播、鉴赏VX：wangyuegang_78
很多人问我为什么这么丑,1539049,1387,2023-05-12 21:38:35,222616,4267,14718,4781,我是超人cr,多名up主参与
徐伦：爸爸一定会保护我的,730978,95,2023-05-13 13:03:21,52567,1433,10107,14135,阿黄玩游戏,原神\崩铁Mod制作!提供教程/软件素材以及二创使用MOD！nwj137978n频道
光 翼 展 开 ！,309593,144,2023-05-13 08:17:21,33285,3066,11630,8663,Thomasruan,单休社畜
【原神动画】长生：let me do it for you⭐,756172,422,2023-05-15 18:39:15,113990,11206,29331,12391,比彼,不常上线所以消息回复慢
牛肉怎么腌制才嫩？教你一招牛肉嫩如豆腐，香菜拌牛肉嫩滑又入味,664537,2126,2023-05-13 20:19:55,37036,22040,55433,8708,大厨阿斗,24年从厨经验
一秒钟记个单词“sentimental”,882532,234,2023-05-12 10:00:00,54804,784,4971,880,乔伯伯英语,乔伯伯《5500词汇系统课》已上线！商务：W1494769 备注品牌
帕姆放映厅 | 吃将军，用将军，可怜巴巴求将军。,273432,138,2023-05-16 18:00:00,43372,1201,4021,1731,帕姆的收藏夹,恭喜开拓者发现了一只加班中的帕姆！关注获取帕姆收藏的珍贵留影及活动资讯~
5岁孩子搭讪老外被回“get out”，谁的问题？,532410,3711,2023-05-15 15:25:49,41410,1916,3789,1388,侃哥侃英语,趣味英语讲解
车轮滚滚 但是塞尔达,511521,481,2023-05-15 12:52:28,19701,2741,4171,7707,黑口口鹅,
欢迎来到 未来战争,695381,798,2023-05-16 00:37:39,23227,4420,5660,10265,森村Ayun,噢我的老天爷
装机有风险 上门需谨慎,270447,500,2023-05-15 22:19:35,15329,691,1477,395,DIY二手电脑,一个二手电脑贩子  不过多介绍  一起探讨电脑行情  v+xiao1418874854
练就有效，这个“教练步”绝对实用！,206959,81,2023-05-16 11:32:37,16719,625,2920,320,李观洋,商务联系方式：VX13472593817（非本人
我有车我帅炸了,1319359,1187,2023-05-15 13:53:51,83562,1601,5659,4256,小狸牙JIEER,多名up主参与
逛海鲜市场，搞一锅秘制蒜蓉粉丝生蚝煲，补一补小身板,620194,1442,2023-05-16 16:00:00,49616,6493,3064,1200,小文哥吃吃吃,商务合作V：Xwg787878   全网同名：小文哥吃吃吃（添加烦请备注来意
“一个白人以一己之力，对抗整个世界！”,545740,1643,2023-05-12 20:55:26,46449,874,5705,129,听云up,“人生只有一次 你要活的酣畅淋漓！”学习/商务：Y5858Md
关于救助流浪猫赚到人生中第一笔债这件事,269799,441,2023-05-10 21:00:00,33053,39299,3592,173,派小爪,愿每只小爪有家可归    领养请至同名公众号   tb店铺：派小爪百货屋     
醒狮酥，但小狗版！一口下去我哭了...,1030565,2923,2023-05-13 10:30:00,137198,83471,15039,7647,叶子吖OHYEZI,多名up主参与
当代00后整顿职场,1226918,386,2023-05-11 19:49:57,100820,1661,4409,1512,狈总,小了
张典生日快乐！,500414,289,2023-05-13 17:50:00,69193,969,5088,414,晨晨和典典,谢谢大家对典典弟弟的喜欢和支持。刚来b站
《第二十单心愿已完成》,353510,753,2023-05-10 18:02:50,49308,20302,4416,1083,好梦一日游zi,多名up主参与
这鱼……不钓也罢！,441034,252,2023-05-13 11:18:49,39606,896,1841,462,单走一张六,多名up主参与
【塞尔达传说:王国之泪】(优化版）最快最稳刷钱大法!无限复制999颗钻石|保姆级教学（1.1可用）,149477,8,2023-05-16 16:26:13,5086,2979,10068,1715,男巫Brian,伸手 摘下了天真的星
亚索永恩对线孙尚香钟馗！,589774,173,2023-05-14 15:30:56,25777,1103,885,489,索弟与恩哥,商务合作v：l54542426L   粉丝裙：722868458    
好评如潮！2023第一季度单机圈神作盘点,128911,451,2023-05-16 20:00:00,10315,4160,1062,213,蒸汽居士,感谢观看！！开黑群：470570540  商务合作vx：19890976854
《崩坏：星穹铁道》景元角色PV——「长安将军」,212503,238,2023-05-14 12:03:49,8506,1350,2202,5977,夜晚丶清风,曾经的辉煌
【花小烙】为什么蹲久了猛的站起来会头晕眼花？,913164,1888,2023-05-11 17:22:50,106791,13220,7723,2359,画渣花小烙,把看到学到的知识画给大家看
你不会连面都不会煮吧？今天教你个小秘诀！开心浓汤面～,627449,4,2023-05-13 14:24:29,64859,4976,37447,2922,安秋金,多名up主参与
普通人存下100万有多难？【雪鸡观察局173】,577681,2432,2023-05-10 16:26:38,45104,5886,5879,2128,动动枪DongDongGun,点个关注投喂雪鸡
【阿斗】脑洞大开+顶级特效！打破续作烂尾魔咒，荣登全球年度票房冠军！重温经典《加勒比海盗2》,1259474,4633,2023-05-14 18:05:00,94889,27825,8112,604,阿斗归来了,很多人说我的视频非常适合下饭和临睡前观看……独立运营未签约
信任就是，我背对着也知道你一定会把麦递给我（舞台事故的完美解决）,913538,354,2023-05-10 22:37:42,49715,3788,10913,2253,橘子真软啊,Lloydhappygenerous
“他们才是傻子”看到低智男生被贴侮辱性纸条，东北大哥怒斥道,219773,714,2023-05-16 11:30:00,9964,1387,1084,296,大树君, 记录平凡人的不平凡。每周一、二、四、五更新。
【AI 孙燕姿】《我不配》这感觉已经不对，我努力在挽回,296889,764,2023-05-15 20:51:11,12529,7564,6256,3711,Eternity丨L,
飞机速度比较,609251,6427,2023-05-14 03:03:22,31601,5891,20161,3452,望远镜在线,关于望远镜、天文科技等知识和资讯的分享
【私藏馆】赵雷《我记得》献给母亲的神曲！祝天下母亲节日快乐,787787,1936,2023-05-14 17:53:13,76541,21196,21170,9947,音乐私藏馆,这世界没有真正的感同身受(闲聊群：529576419
【卢克文工作室】时代大势浩浩荡荡（下）：中俄贸易与东北经济恢复性增长,240269,421,2023-05-16 21:18:06,11283,1164,1147,465,卢克文工作室,尽可能坚持实地调研
重庆74年历史的小饭馆，要味道有味道，要环境有味道！,1155615,2357,2023-05-15 17:00:00,63911,8119,4836,3066,小紧张的虫虫,多名up主参与
千万不要随便改装三轮车,706045,2245,2023-05-16 18:01:00,87680,30641,7239,5079,天才小熊猫本人,
“武陵猫捕鱼为业！”,661612,520,2023-05-16 22:43:05,41685,9817,10881,11503,Pooh的小屋,定期更新视频～商务合作VX：Poohshause123
林黛玉单刀赴会,568190,1291,2023-05-16 18:00:00,32401,2296,2783,2678,小芃路子野,这个up超旺粉
惊天大发现（密）！我找到一个人对抗孤独的方法了耶！,1339055,3372,2023-05-12 17:03:21,60204,29959,18468,2964,超Carry的柴西,要把生活过成浪漫的歌！/微博：普通小柴/ 合作vx：yuetuibd
这么狭小的洞都能住人，里面有锅有炉子能做饭吃还能睡觉，像个家一样,374332,4480,2023-05-16 11:15:30,26593,18468,2760,972,带床去旅行,
《此刻我宣布二哈是十费卡》望周知！！,520217,745,2023-05-13 14:55:54,40920,8607,3846,4045,云顶Lobo,多名up主参与
【崩铁/崩坏3填翻】这次轮到我带你回家了，姬子老师…,82822,192,2023-05-16 11:00:00,11529,7944,6478,1043,晴奈子_Senako,个人势虚拟主播
王国之泪 终极交通工具 无电池消耗 甚至是你救公主的真实写照,182918,235,2023-05-16 14:47:22,6332,1265,1051,3945,小小tw,塞尔达MOD整合者 游戏动漫剪辑者 MOD倒卖抵制宣传者 免费分享整合者
爱莉回应了原神哥！DRX冠军皮肤真是爱莉希雅！,1169115,1075,2023-05-17 00:14:54,23673,905,1923,13087,LOL小绿毛资讯,"绿毛主更LOL最新资讯爆料视频,帮你第一时间了解游戏最新改动!喜欢就关注一下叭~商务合作请私信我！"
20多岁最容易陷入的4种危险状态 | 关于学习、工作、个人成长,185222,286,2023-05-16 11:00:00,8776,4095,9140,1077,子小孙的老年生活,多名up主参与
“就凭你的螳螂拳也想摸到我？武学全能苏灿—武术解析”,481252,375,2023-05-15 18:31:45,19342,607,1459,121,搏bo搏,多名up主参与
你能听出便宜与昂贵的钢琴间的区别吗？,610196,2019,2023-05-16 20:32:06,30435,2909,3134,958,Vinheteiro,我来自巴西
商用PC有何不同？云飞带你上手体验！,252072,958,2023-05-16 20:54:40,17013,1439,1539,292,极客湾Geekerwan,爱折腾、超硬核的科技数码频道！商务合作请联系：bd@geekerwan.com
太解谗！终于不用再脑补！终于看清楚了甩蜜全过程！,225453,432,2023-05-15 18:00:00,14735,3639,877,218,李景秀Lijingxiu,多名up主参与
史上威力最大的手枪 马格南 500,639011,2416,2023-05-14 14:57:11,16373,564,3430,1817,剪辑手杰克逊,
非常随性，有点像边角料再利用的肯德基K萨，一个“新物种”！,485462,2124,2023-05-16 11:30:00,21261,1426,1016,2521,真探高文麒,我是来自台湾的老高一个会做饭的美食家 《舌尖上的中国》《风味人间》美食顾问 商务合作+v zhentan2022
JJ发新歌了！极速翻唱《愿与愁》，我应该是第一个翻唱的吧！,121931,309,2023-05-16 20:13:41,13883,7560,1809,539,Jason-老湿,跟老师学唱歌加微信:2225601527 用最沙雕的方式  做最系统的教学  小号@杰森小龟
不到3K装出一台12400F＋RTX2080的整机？人马电脑城居然有魔改RTX2080这种猛货！,202164,1423,2023-05-16 11:00:00,10428,2302,1480,840,排雷数码港,感谢您的关注！本人没有任何咸鱼转转或其它二手平台号！谨防上当受骗！搞机关注微信公众号：排雷数码港
【胡夏X女儿情】女儿柔肠寸寸是相思，胡夏清泉音色诠释三世意难平,3394076,6775,2023-05-16 10:00:00,95786,53591,36774,13243,梦幻西游电脑版,梦幻西游 X 胡夏“520”推广曲《女儿情》柔情上线
上弦会议，但是性转,582354,407,2023-05-12 12:00:00,29507,2658,8967,2109,Light小俊,己所不欲
“下面请欣赏战鹰姐姐的小品——《吃面》”,333386,996,2023-05-15 18:37:40,24742,20746,4990,1779,獭祭鱼曝野,巫山之上
《神农尝百草》,2489516,3040,2023-05-14 14:20:05,306933,13044,19194,5152,李炮炮儿,多名up主参与
特种兵式约会 这样行动派的男友 谁不爱啊！,1262703,330,2023-05-13 17:00:00,90280,1626,5818,7496,百乔有毛病,❤️zbq960921 （非本人 说明来意）
破防了家人们，血泪的教训otz，想s的心都有了,258604,184,2023-05-11 18:40:47,30197,5036,1079,178,无恙YOUNASHI,其他平台同名：无恙YOUNASHI //无恙的被窝：490397991//合作v：yr15299989804标明来意
我自己选的老公怨谁,550233,2808,2023-05-15 21:20:00,26355,2358,1721,5249,罗兰朵女士,一个中年妇女的人间不值得
是谁心动了？是我啊那没事了,180228,77,2023-05-16 16:00:00,5667,1062,6495,5382,网易逆水寒,拿着公款搞二创
【王国之泪】几个超强开荒组合，你不知道的小技巧,346004,640,2023-05-14 18:10:40,14586,3606,9737,1377,面条大鸽,目前看起来还挺正经的up 粉丝qq交流群:923164883
null,null,null,null,null,null,null,null,null,多名up主参与
行政总厨被投诉，这顿饭吃的一言难尽...,886738,896,2023-05-13 17:30:00,28587,2608,1827,268,林述巍JACKLIN,商务合作v：14708064496（备注来意）
你们身边有这种人吗？敢不敢把他艾特出来,687163,119,2023-05-15 18:17:41,35376,1637,2723,999,豪哥哥团长,主打一个散装
GTX 1650：还得是我,195999,1333,2023-05-16 12:00:00,14262,1201,537,373,蒸気火鸡,多名up主参与
英国战忽局是谁成立的？【硬核狠人52】,2278953,16361,2023-05-14 11:00:00,193876,84821,29939,3751,小约翰可汗,你看你
美元被群殴，人民币有机会吗？,180923,665,2023-05-16 18:31:30,13117,4588,3213,886,酷玩实验室,关注中国科技发展与产业升级
带女儿漂移……,632253,2426,2023-05-15 11:00:00,39641,22270,3661,1342,极速拍档-NANA,多名up主参与
老娘与海 | 猛玛LARK MAX海滩测试收音干净，放心发疯不爆音,271785,514,2023-05-16 22:00:00,7198,1211,4484,601,入江闪闪Player,一个想要关注的B站著名老白票艺术家。等我阔绰了
厨师长教你：“鱼酱油”的家常做法，蒸、焖、烧、白灼，一汁多用,303412,354,2023-05-16 17:00:00,21959,1453,2288,225,美食作家王刚R,美食作家王刚（线上强大的美食教学之一）提升国民对美食的认知、追求
二叔教我 中华苗刀阵法#传统文化  中华文明 可失财，不可失礼。,272777,300,2023-05-11 11:54:26,28408,1659,2051,295,_郭大侠_,真名郭靖 人称大侠         v：gj51312      个人团队
耗时20天制作超大比例甘雨硅胶手办,254428,228,2023-05-16 17:02:37,17615,3679,3684,1001,茗家的鸫,玩各种泥啦
null,null,null,null,null,null,null,null,null,多名up主参与
离大谱，傻鸽子开始在游隼身边筑巢，誓死要做邻居了,1746830,4181,2023-05-10 20:53:58,61389,3675,15779,11170,我家有个小胖墩儿,了解自然、热爱自然、保护自然
打扮成奥特曼去幼儿园接女儿放学，竟然把她吓哭了！,516135,5304,2023-05-16 14:35:37,36889,36099,4491,6355,胡凯利_洞主,商务合作请联系：lvjiangshangwu@163.com 想成为驴酱主播请联系:1351855107@qq.com
「真的不用送我礼物啦」【Steven He】,981668,198,2023-05-14 12:00:00,133258,4583,6800,1678,Steven_He官方账号,Youtube知名搞笑博主Steven He官方账号
60岁大爷球场上惨遭疯狂盖帽……,415714,241,2023-05-15 20:35:00,31509,5030,1636,1775,中国警察网,别紧张
第44集丨拍宣传片换了一锅大骨头,683366,266,2023-05-12 14:35:00,69712,5184,4314,373,崔导也是崔老师,用视频拍遍人间千味
60级老顽童，不走寻常路，快乐贯穿一生，真正的玩家,1081191,16163,2023-05-14 12:11:32,86771,26617,22109,27596,时雨ioo,全网只有B站
如何使用弹道激怒飞机上所有人,646611,166,2023-05-14 02:47:00,32878,5485,8293,26509,岸泽Azz,疲倦神话
饥荒联机：一口气看完饥荒中所有BOSS的打法,189246,184,2023-05-16 19:23:04,5662,1871,2685,980,小渔解说,一直更新一直爽！点赞三连也不少
【英雄联盟】DRX冠军皮肤PBE预览,990452,2697,2023-05-16 23:00:00,20599,1221,1541,24578,英雄联盟,亲爱的召唤师
伙计们！麦肯0元购！13.9四件套真的不吃？？,220965,122,2023-05-16 19:42:53,6402,901,2610,6278,兔米亚,被游戏耽误的麦当劳区up
总有腿腿要造反,466825,332,2023-05-15 20:27:12,15163,1866,3637,7611,大嗓壮橘,多名up主参与
莫文蔚X窦靖童《天黑黑》LIVE（原唱孙燕姿）,269728,470,2023-05-14 22:08:48,9484,1487,5736,6000,刘石柱,欢迎关注小红薯同名账号
为了确保食材新鲜，我们居然在家从洗牛瘪开始做了200罐红油毛肚...,726892,249,2023-05-13 18:13:02,65117,4819,2605,437,苟宋本苟,苟宋本苟
世上不止妈妈好｜珀莱雅2023母亲节特别策划,1859554,531,2023-05-13 10:00:00,51704,3010,5159,1857,珀莱雅PROYA,珀莱雅
一口气了解印度的奇葩经济,1564493,10367,2023-05-13 19:23:01,78166,22692,13930,2730,小Lin说,多名up主参与
【周年庆联动伙伴嫘祖PV】嫘祖降世庇佑万民，传道化蛮福泽三界！,579537,597,2023-05-15 17:00:41,32062,23831,34942,5826,梦幻西游网页版,梦幻西游网页版
人，是不可能敌过猫的,223303,746,2023-05-16 11:00:00,18791,1470,957,749,猫咪福福说,一只成精了的小猫咪
比亚迪刀片电池你好！吉利银河“神盾电池”！来卷你了！,241502,1539,2023-05-15 19:37:39,6894,1500,691,437,Gamer逍遥,种善因
b站首发【烧菜技法系列课程】③干烧鸭，学不会退网费。,169495,1483,2023-05-16 17:18:55,14597,8500,2902,400,师父和我做鲁菜,师父:陈宗明
外国音乐人如何评价中国电视剧《仙剑奇侠传》OST？第二期,423147,6521,2023-05-15 18:40:13,29584,17391,3659,690,拉美小姐姐Waleska,一名快乐的音乐人  希望能做一档有趣的Reaction频道 感谢关注~ 商务v：Bridgeabby
null,null,null,null,null,null,null,null,null,多名up主参与
在游戏里用枪写字？太酷啦！,1244378,4357,2023-05-13 19:13:17,165284,25036,15813,8049,祁么么mo,喜欢写字
永劫的尽头是猫和老鼠,69246,14,2023-05-16 17:30:00,6659,721,676,1384,陈刀仔_永劫,原《无间频道》
被单也 happy happy happy ♪,233928,356,2023-05-15 22:37:03,18396,1365,3002,5950,怪兽momo,【非本号投稿在收藏夹】【比赛演出视频收藏夹持续更新】微博：怪个兽兽
发明：公平辅助酒杯,2195255,635,2023-05-10 19:23:40,111643,1290,4444,8885,小李技术学,小李入驻b站了
路边食堂,800033,173,2023-05-13 17:34:58,54705,1516,2321,44,小露别跑,多名up主参与
警戒星上群兽困斗，只有强者才有生存的资格！【达奇】战锤40K故事,218170,2586,2023-05-16 20:00:00,21704,12055,3881,550,达奇上校,守序中立  没有任何粉丝群 
【星铁】疑似绝版？颜色代码改名 下划线 删除线 签名 特殊符号 崩坏：星穹铁道 HTML,588650,286,2023-05-15 15:24:14,31864,2470,21475,3393,也南,全平台同步:也南/我是也南 商务合作 QQ:1738926695 WX:yenanwx
【烂活电竞46】欧美捞比的最后一舞，超人强大战卡车Man即将上映！,963352,7193,2023-05-15 21:50:40,57300,24330,5246,2861,烂活电竞,作品为主
每天一个数学小知识——复合函数,343184,443,2023-05-13 15:19:43,35314,1437,10104,2592,派蒙科普,欢迎来到笨蛋小跟班———派蒙的科普频道。
油辣子教程来啦，蒸个荷叶鸡拌个凉面试试味儿，那叫一个香,244305,497,2023-05-16 17:05:00,9542,1709,2228,979,小弟萝卜呀,一个爱吃爱做的四川小伙~
【GIDLE】QUEENCARD初舞台！,882853,1751,2023-05-15 18:46:18,35913,3298,9769,8080,嗑糖少女000,不赚钱不欠你
可是雪，飘进法律,3571902,1413,2023-05-12 19:55:00,436667,7737,22960,4691,俏佳人xxx,多名up主参与
《 banana の 不 等 边 三 角 形 念 法 》,541685,204,2023-05-15 19:09:39,77101,1430,11539,8764,绮礼Kirihara,多名up主参与
当你发语音时不小心打了个哈欠,1533153,136,2023-05-16 13:30:48,97491,5324,5109,2480,星有野,多名up主参与
大爷说只有在山顶才能展现真正的实力,315383,158,2023-05-15 18:05:50,29371,823,1631,439,王细狗g,合作:xigou009  三岁玩牌
嗯？你在家呢,331430,52,2023-05-11 10:48:00,40184,858,10707,7539,哈百里,商务VX:HaBai2186 
新英雄亚连，但是Happy猫版,617545,618,2023-05-10 17:06:39,40404,1347,4316,4272,王者荣耀,官方会逛B站系列
有一个在家里开炸串店的室友是什么体验,535100,283,2023-05-16 12:42:47,47392,1837,1676,1958,李哥我饿了,爱吃饭
‘黑人艳后’上映了 ‘b站艳后’绷不住了,929531,9956,2023-05-14 12:00:00,72447,20391,7467,4165,埃及南希,感受神秘迷人的埃及文化！
临时抱的要是我的脚，不知各位该如何应对？,1112476,470,2023-05-12 16:52:29,142910,9139,9413,5809,五达长安,我是长安
鸭:真好玩，就是咋感觉有点晕,277842,53,2023-05-15 19:03:41,38667,618,3672,1539,画画的小小桔,爱画画的放牛娃
死二：晚上别睡太死。 我：我睡上铺,219386,90,2023-05-12 21:21:57,23168,1710,3750,2438,Warm-YS,啊？
学生到底喜欢什么样的导师,278335,113,2023-05-16 19:44:20,26190,744,513,121,迂磨二公子,商务/yumointrance@163.com；催更群/827246719
不同价位能在巴黎吃到怎么样的早餐？,822711,590,2023-05-10 22:34:38,61788,971,2032,275,Thurman猫一杯,多名up主参与
艺术家 kohei ohmori 超写实铅笔画，让我分不清现实和画的区别,395233,320,2023-05-14 10:14:06,62562,1138,9022,916,半条美术生,伽薇MSSS135
石头人：什么**回血！？,587710,418,2023-05-11 16:25:07,46687,1219,595,146,BBGG丶狮子喵,多名up主参与
【萌娘百科】史诗级折扣？3A超值游戏包永久入库！游戏玩家的省钱乌托邦！,157089,645,2023-05-16 16:48:59,11918,3181,1553,188,萌娘百科,官网：zh.moegirl.org.cn 商业合作 联系Summer6th-01
站撸5杀！1波团10000+伤害！T0顶级数值怪的离谱强度！,390935,3373,2023-05-15 12:00:00,26825,15204,5259,169,王氏上单,B站直播号：25971705 王氏上单-王子0（B站） 粉丝群 714145831   910581937（已满）
Theshy：抓我，得来五个人,773191,203,2023-05-13 12:00:30,78710,5907,4469,2193,TheShy,多名up主参与
咱就是说，现在可以接受了吗？哈哈哈，欢愉派系,389415,42,2023-05-11 11:50:54,49076,525,2662,431,配音演员刘圣博,多名up主参与
首先你要快乐，其次都是其次,715387,487,2023-05-12 12:30:00,36801,2162,4642,3161,锦书致南辞,合作Q：957154179
修勾买枇杷，但是日语,621528,459,2023-05-14 15:39:58,51271,2625,4165,4928,彩虹酱哇,多名up主参与
这波我吃了！,663811,783,2023-05-15 17:06:34,80634,1084,3613,1126,疯狂大笑总,疯狂大笑总
高考600分都差点没玩懂这游戏！真是太好玩啦赛尔号！,130024,562,2023-05-17 10:57:28,9486,3520,1011,215,谁不重要i,!个人q：3595089438
275W粉丝美食UP主开什么车？小傲想睡觉座驾揭秘！,993133,5047,2023-05-14 17:30:00,93339,25756,13780,2108,Upspeed盛嘉成,传递属于Z世代的年轻汽车文化内容！合作wx：DT_swiss 备注合作 微博：盛嘉成
“为了你，我变成狼人模样”,552585,216,2023-05-11 12:00:00,20169,4736,4283,5087,杨厂厂厂,
国服拉克丝,460416,227,2023-05-15 12:00:00,23676,846,4339,834,夏奇拉ovo,多名up主参与
让他学习可真难,1203638,480,2023-05-12 18:06:51,118636,6234,6549,1138,三哈兄弟-沙雕日常,求求了
不逛狗头吧，盘盘做傻瓜。,785399,6758,2023-05-15 09:20:00,63389,14515,2118,369,脏船长,我始终如少年
一个平凡的星期一！,645575,184,2023-05-16 17:10:00,58670,2009,1206,1256,派小轩,多名up主参与
【星铁】有卧龙的地方，就有凤雏,816429,1804,2023-05-13 14:26:35,73512,1366,4451,2890,神奇的巅峰,多名up主参与
犭虫 P E E K 不 女 口 人 人 人 人 P E E K,350563,114,2023-05-11 17:40:42,16602,1605,3954,7910,登录失败error,
还是被我搬回来了,897444,203,2023-05-12 20:51:09,97307,860,4821,456,勇敢哥特,多名up主参与
这是我见过最接地气的明星婚礼,871151,367,2023-05-16 11:14:12,47180,18477,1845,313,郝卲文,多名up主参与
谁说我水葫芦土豆蘑菇种不成的？！,334113,283,2023-05-16 18:26:55,18494,683,813,84,刘惟与,多名up主参与
北京27000元一个月能租到什么样的房子？,532578,1486,2023-05-16 18:00:00,27375,3727,1778,1878,大祥哥来了,多名up主参与
阳光女孩特辑，妮蔻专场！韩 服 王 者 就 这？#201,257497,506,2023-05-16 12:05:00,14093,5649,1430,1143,yizhilugou,投稿Q 78350313 精彩操作需大师及以上
（万米高空对波克布林使用弑神枪的那件事情！）王国之泪,380375,557,2023-05-15 16:15:17,10143,993,955,1565,平静の日常,塞尔达就是天！
网 络 热 门 糖 果,393727,945,2023-05-16 12:10:00,36836,9304,1986,400,了不起的八万二饼,多名up主参与
全球妈妈如何告诉孩子“你从哪里来”，差异竟然这么大？！,596045,888,2023-05-13 19:40:00,61247,1471,5408,216,歪果仁研究协会,多名up主参与
这一脚20年的功力！！难道你们虚拟主播都会功夫？？！,323966,455,2023-05-13 17:56:52,31085,2569,2652,411,尼奈nine_Official,虚拟白兰王 也是一只米虫  //个人势VUP   合作请私信
第一次普测的我be like,809684,365,2023-05-13 18:02:10,89638,1186,7863,6642,凳子凳子_,多名up主参与
爸：喏，这个就叫专业,1096957,200,2023-05-15 19:20:00,91866,1044,1908,233,小叮当的一家,妹妹x2的故事
“最后说一次，玛卡巴卡也要开始加速了！”——『花 园 制 造』！！,809925,734,2023-05-12 17:00:00,83484,20671,32831,15924,笔龙XDDD,多名up主参与
爹妈：我女儿是温迪的狗！,414109,640,2023-05-14 08:04:21,66159,4767,10504,11974,布哩pico,多名up主参与
【星穹铁道/声优梗】景元：V我50，进你池子,481376,129,2023-05-11 11:30:00,41609,1480,8006,16030,WildKoko木可,每日作法：电脑自己做视频
妈妈，我被困在了一分钟里,593421,198,2023-05-13 11:22:14,38917,2623,4366,808,万能大饼,你们为什么不跳个舞？
【搞笑翻唱】中日双声道アイドル/偶像！一边沙雕一边可爱你喜欢听哪个？！,48977,55,2023-05-17 11:24:42,5138,1200,1043,226,穆小泠Official,多名up主参与
“英雄碎片 元歌之舞”,810041,335,2023-05-13 12:25:45,49310,2205,3854,1914,千丝折纸鸾--琳,粉丝群：533577288欢迎来玩
班里那些钻牛角尖的人（超级无敌宇宙真实啊啊啊啊）,790836,385,2023-05-13 17:36:43,55482,982,4127,473,萧枭同学,多名up主参与
姜还是老的辣,531941,420,2023-05-16 11:04:41,15661,3081,1102,944,你的鬼哥呀,多名up主参与
崩铁离谱细节鉴赏,859593,2086,2023-05-10 16:49:12,92010,8411,9550,2247,凉风Kaze,喜欢请关注~不喜欢的话我再想想办法~
心里藏着小星星 生活才能亮晶晶,1030973,521,2023-05-15 19:07:15,140233,6886,13307,7608,画画的邱锦鹏,多名up主参与
逛商场听到在放我写给妈妈的歌！！！,679762,42,2023-05-14 21:50:55,70182,2610,3324,111,猪宝子在门口,多名up主参与
愿你们每一次出警 都能够平安归来！,115699,72,2023-05-16 12:31:26,28550,5292,796,231,米雷-RayDog,多名up主参与
【星穹铁道】0氪景元全新思路，专武是不可能抽的，就算填了648也会歪的,143792,611,2023-05-16 13:13:27,8662,3739,930,257,一树树,盲盒区游戏up主              商务合作：QQ271374252
2023年最好玩的游戏？ 塞尔达传说:王国之泪,432887,1515,2023-05-15 23:51:28,24759,7311,3856,4493,大狸子切切里,B站微博油管同名 商务wx：cherrymiaojiang （备注来历）
「旅行者，我真的很害怕，你忽然就到另一个世界去了...」【原神/崩坏：星穹铁道】,654622,988,2023-05-12 15:21:17,69732,8067,18826,4662,念北风_,我们是否太执着于追逐太阳
可可利亚：不是回合制吗？我的回合呢？,1299037,563,2023-05-13 20:27:11,131487,4525,20609,2142,拔旗,游戏动画音乐区 20岁恶魔 特性是电子龙 / 商务QQ236025176/粉丝群958148368
此歌让您秒懂吒学精髓aespa spicy整活翻唱,332521,772,2023-05-11 18:30:00,21339,3588,4179,5513,长腿嗑叽君,综艺、韩娱杂谈UP
可可利鸭星逝,1063256,257,2023-05-10 20:06:59,78582,4743,17212,21866,小草seven,抱歉
女发店开业了！！！,1885016,4179,2023-05-12 17:56:39,134227,4706,4275,2294,山城小栗旬的理发日记,一个有点东西
你们有半夜听歌的室友吗？,641688,705,2023-05-15 19:16:20,73988,2593,3829,660,脱缰凯Kk,商务v: xiaodianwenhua123
景元最完美的命途！欢愉的强大你们一无所知 抽景元必模拟宇宙,258032,234,2023-05-16 11:46:28,16092,1431,3653,1343,正人君子大白鸽,多名up主参与
达摩：你这姬小满有问题呀,1385743,1848,2023-05-14 17:00:00,79000,2660,2392,332,尴尬的铁根er,商务合作：Jay001247
毛巾也敢吃？,479268,594,2023-05-15 18:00:53,67762,2874,3619,807,Tiger西西,感谢大家的关注和支持
短短三十抽，比我的一生都精彩,936231,4536,2023-05-14 10:27:33,61816,5137,8152,13567,小霖QL,每晚19点b站直播 商务➕V：KK1246L（抽卡勿加）天选中奖私信 微博：小霖QL_ 抖音：小霖QL（原神）抽卡裙755023692
【原神】呐~给！是你的老公们！,288787,716,2023-05-13 16:07:28,53489,12743,10012,3290,梦想做大佬的男人, V：1058728895    仅分享制作过程
再精明的中年人都经不住一句可以聊聊天吗？,764935,202,2023-05-16 17:20:00,70579,1302,1312,218,宋云生-,一个高冷的美男子罢了
挑战日本塞尔达一番赏！究竟花多少钱才能抽出大师剑呢！,272551,700,2023-05-16 18:00:00,18414,1659,679,722,飞社长,微博：飞社长  V: feishezhangwx
贵州深山悬崖上发现一房子，七旬老人竟隐居在这30多年，与世无争,640850,2065,2023-05-10 18:32:59,14553,1343,2274,440,青云迹,青山绿水间
欧拉好猫行天下，兄弟在旁就不怕！,345371,187,2023-05-16 11:05:00,25767,1456,793,659,招财喵剧组,多名up主参与
我们把梵高的卧室，搬进了现实！没错！画了6天！,433421,830,2023-05-14 00:10:51,53095,34255,7823,838,搞艺术的十三,我来了
除了通草花！还有另外一种永不凋零花也同样盛开了几百年！,699784,1405,2023-05-13 12:12:17,102307,58637,17686,1008,南翔不爱吃饭,多名up主参与
老板，我的辞职信写好了，我唱给您听！B站张学友《遥远的她》辞职版《由我炒他》！,360164,660,2023-05-15 09:00:00,14435,9200,4201,8729,招积亮,多名up主参与
乙方：这就是五颜六色的白——！！！【原神动画】,150800,538,2023-05-16 18:20:00,20847,1957,4478,2216,艾尔十六,旧坑填坑中
【星穹铁道】景元超全数据向攻略，拒绝脑测数据说话！,85392,250,2023-05-16 23:35:49,4330,3302,2278,647,精打细算张扎克,一直抠抠搜搜
神仙打架！钟离和雷电将军也太帅了吧~【原神】,117413,407,2023-05-16 00:12:00,7622,4294,1954,1181,Jelly-Lavender,已退坑原神
我的世界：离大谱，生存模式刷基岩，赶紧冲,425228,211,2023-05-11 17:14:28,20418,1076,11377,741,图图图酱吖,营销号带师
越来越离谱！假如NBA季后赛加入俘虏机制？(上)【恶搞NBA】,398829,1822,2023-05-15 17:14:28,14694,2803,2665,2551,夜宵Grey,多名up主参与
能发射子弹的折纸枪，拥有它你就是最靓的仔,476810,487,2023-05-13 08:10:00,18202,4906,25580,1975,小熊折纸,手把手教你学折纸
把作业烧了 吃烧烤,632519,1630,2023-05-14 12:05:05,60028,50161,3942,845,乡村教师日记,一名乡村教师和一群留守儿童的生活记录
全球最佳头等舱之争：阿联酋航空 vs 新加坡航空套房 亲测对比，谁的A380最奢华？新加坡-悉尼-基督城,777874,3865,2023-05-15 00:19:22,24347,12630,6310,4566,金毛评测犬,微博id：金毛评测犬 海外粉丝欢迎关注油管频道 Golden Reviewer（英文） 金毛评测犬（中文）
看了这张国画，鼻子竟通气了【央美2023毕业展】,338887,280,2023-05-15 19:09:28,40618,1664,7428,1179,美院安迪看艺术,你的艺术导览
意大利老爸第一次见中国婆婆，是什么反应？都聊了啥？,247289,1336,2023-05-16 16:52:55,19420,4723,792,116,路卡和瑞丽,多名up主参与
聊聊肉妈最近做的事，带小胃王去中国超市，我想让老二搬家了,333379,5378,2023-05-16 18:00:00,27376,14039,1142,244,非洲飞哥,"大家好,我叫阿飞"
探索破产后的天津欢乐水魔方水上乐园,1132181,4547,2023-05-10 23:32:18,40020,9005,10599,4245,孙探长笔记,多名up主参与
一分钟学会做灯光画，超级简单，灯光画教程,701746,121,2023-05-14 22:41:08,25038,11400,38385,4265,小黄鱼Boy,多名up主参与
1.1前瞻直播预测！300星琼兑换码！920星琼拿下！景元卡池官宣！全新活动介绍/磐岩镇超级联赛/限时挑战 【崩坏：星穹铁道】,600869,536,2023-05-16 15:05:34,15271,3157,3206,424,午觉已到,持续更新原神 星穹铁道的最新最强攻略、资讯！点个关注叭！就可以第一时间收到推送啦！商务Q：915845974
全网首发！真正的20级单杀世界6可可利亚（不要小看老桑博！）,621503,1481,2023-05-14 21:25:27,26089,1574,2677,9459,玩具喵Official,个人势透明无声系v
【星穹铁道】抽景元前必看！景元池四星角色评测~教你角色玩法~遗器词条选择~光锥推荐~,186069,717,2023-05-16 20:18:12,14976,5424,1984,288,丸子,三连好运带给你
给外国人投食这块，我妈拿捏得死死的…,974453,480,2023-05-12 16:34:53,74603,1106,2753,194,巴黎小郭郭,定居巴黎十年
老外能get到星铁中的梗吗？米哈游为什么要在星铁加入大量中文梗？,203234,1565,2023-05-16 19:39:55,10217,909,898,248,温泉蛋不要温泉,日语小翻译
回不去的中国，离不开的非洲，中国夫妻坚守非洲20年背后的辛酸故事,257115,523,2023-05-16 11:00:00,7742,809,538,126,小钟Johnny,我是小钟
前方泪目！原神区大合唱《派蒙在等你》,547086,1947,2023-05-14 18:00:00,84124,32113,28583,11098,柑宝,脖子以下全是肝
《塔瑞斯世界》远征测试定档6月8日！招募现已开启,594651,1567,2023-05-15 21:20:00,12596,3111,2075,1979,塔瑞斯世界,0608远征测试
全近战六星干员 VS 重型动力装甲·S难度，铁拳之下决生死！【明日方舟】,239831,1479,2023-05-16 00:42:09,15968,2020,1645,203,樗柒ヽ,是樗（chu）柒（qi）噢！商务联系qq1322822783
【星穹铁道】嘲讽值解析，99%玩家不知道的隐藏设定,433428,1101,2023-05-15 22:11:43,22167,4406,5801,2684,幸运草Leon,目标是做铁道的平民攻略！欢迎加入星铁交流群：211945890
全地面六星干员 VS 加强版交通警长，“大幅提升”的含金量！【明日方舟】,322811,1545,2023-05-16 00:09:56,23282,2353,1294,516,-碱式碳酸咸鱼-,做一些电子斗蛐蛐视频
【原神】四个冷门但有趣的小知识,259254,195,2023-05-16 10:00:00,11869,741,1169,79,ulu秋名山,每周二四六更新
天空中倒映着他们如初的模样【原神×角色集结】3.6国家篇·稻妻,120775,339,2023-05-15 16:26:33,23970,5519,7693,878,阿向菌,多名up主参与
专业画师仅靠提示能猜出「崩坏：星穹铁道」的角色设计吗？完整讲解绘画过程！【HoYoverse】,182008,2078,2023-05-16 12:15:00,26764,2660,3104,759,插画家斋藤直葵,斋藤直葵
【星穹铁道】景元没削，还加强了！前瞻攻略抽取必看,675856,2135,2023-05-14 21:05:14,42803,5821,6731,2026,解说七老爷,合作联系Laoye77777@163.com 直播和视频勤奋起来！不是攻略博主…虽然偶尔也会出
最强七人即将集结！《七人传奇：光与暗之交战》终测定档5月30日！,1162367,181,2023-05-16 10:00:00,19875,3853,3483,349,七人传奇光与暗之交战,讲谈社正版授权 热血卡牌RPG
《白夜极光》世界观PV公开,1214601,244,2023-05-15 20:30:00,26470,936,2993,409,白夜极光,最后的空裔
【原神】钟离:我的回合，我的回合，还是我的回合,458315,293,2023-05-12 11:11:23,34300,862,3524,6436,什么都想发视频的up主,多名up主参与
《白荆回廊》巡声测试PV | 异世漫巡,1334587,584,2023-05-15 20:45:00,33330,1640,3663,949,白荆回廊,上海烛龙首款即时多维战斗RPG《白荆回廊》
null,null,null,null,null,null,null,null,null,多名up主参与
null,null,null,null,null,null,null,null,null,多名up主参与
同一款游戏不同款弱智 《塞尔达传说 王国之泪》弱智小合集,306347,430,2023-05-15 17:32:27,9462,623,2658,7429,A9VG,核心玩家聚集地 a9vg.com
